new_locus_tag	old_locus_tag
M7V54_RS00005	Rv0001
M7V54_RS00010	Rv0002
M7V54_RS00015	Rv0003
M7V54_RS00020	Rv0004
M7V54_RS00025	Rv0005
M7V54_RS00030	Rv0006
M7V54_RS00035	Rv0007
M7V54_RS00040	Rvnt01
M7V54_RS00045	Rvnt02
M7V54_RS00060	Rv0008c
M7V54_RS00065	Rv0009
M7V54_RS00070	Rv0010c
M7V54_RS00075	Rv0011c
M7V54_RS00080	Rv0012
M7V54_RS00085	Rv0013
M7V54_RS00090	Rv0014c
M7V54_RS00095	Rv0015c
M7V54_RS00100	Rv0016c
M7V54_RS00105	Rv0017c
M7V54_RS00110	Rv0018c
M7V54_RS00115	Rv0019c
M7V54_RS00120	Rv0020c
M7V54_RS00125	Rvnt03
M7V54_RS00130	Rv0021c
M7V54_RS00135	Rv0022c
M7V54_RS00140	Rv0023
M7V54_RS00145	Rv0024
M7V54_RS00150	Rv0025
M7V54_RS00160	Rv0027
M7V54_RS00165	Rv0028
M7V54_RS00175	Rv0029
M7V54_RS00180	Rv0030
M7V54_RS00185	Rv0032
M7V54_RS00190	Rv0033
M7V54_RS00195	Rv0034
M7V54_RS00200	Rv0035
M7V54_RS00205	Rv0036c
M7V54_RS00210	Rv0037c
M7V54_RS00215	Rv0038
M7V54_RS00220	Rv0039c
M7V54_RS00225	Rv0040c
M7V54_RS00230	Rv0041
M7V54_RS00235	Rv0042c
M7V54_RS00240	Rv0043c
M7V54_RS00245	Rv0044c
M7V54_RS00250	Rv0045c
M7V54_RS00255	Rv0046c
M7V54_RS00260	Rv0047c
M7V54_RS00265	Rv0048c
M7V54_RS00280	Rv0051
M7V54_RS00290	Rv0053
M7V54_RS00295	Rv0054
M7V54_RS00300	Rv0055
M7V54_RS00305	Rv0056
M7V54_RS00310	Rv0057
M7V54_RS00315	Rv0058
M7V54_RS00320	Rv0059
M7V54_RS00325	Rv0060
M7V54_RS00330	Rv0061c
M7V54_RS00335	Rv0062
M7V54_RS00340	Rv0063
M7V54_RS00345	Rv0063a
M7V54_RS00350	Rv0064
M7V54_RS00355	Rv0064A
M7V54_RS00360	Rv0065
M7V54_RS00365	Rv0066c
M7V54_RS00370	Rv0067c
M7V54_RS00375	Rv0068
M7V54_RS00380	Rv0069c
M7V54_RS00385	Rv0070c
M7V54_RS00390	Rv0071
M7V54_RS00400	Rv0072
M7V54_RS00405	Rv0073
M7V54_RS00410	Rv0074
M7V54_RS00415	Rv0075
M7V54_RS00420	Rv0076c
M7V54_RS00425	Rv0077c
M7V54_RS00430	Rv0078
M7V54_RS00435	Rv0078A
M7V54_RS00440	Rv0078B
M7V54_RS00445	Rv0079
M7V54_RS00450	Rv0080
M7V54_RS00455	Rv0081
M7V54_RS00460	Rv0082
M7V54_RS00465	Rv0083
M7V54_RS00470	Rv0084
M7V54_RS00475	Rv0085
M7V54_RS00480	Rv0086
M7V54_RS00485	Rv0087
M7V54_RS00490	Rv0088
M7V54_RS00495	Rv0089
M7V54_RS00500	Rv0090
M7V54_RS00505	Rv0091
M7V54_RS00510	Rv0092
M7V54_RS00515	Rv0093c
M7V54_RS00525	Rv0096
M7V54_RS00530	Rv0097
M7V54_RS00535	Rv0098
M7V54_RS00540	Rv0099
M7V54_RS00545	Rv0100
M7V54_RS00550	Rv0101
M7V54_RS00555	Rv0102
M7V54_RS00560	Rv0103c
M7V54_RS00565	Rv0104
M7V54_RS00575	Rv0105c
M7V54_RS00580	Rv0106
M7V54_RS00585	Rv0107c
M7V54_RS00595	Rv0109
M7V54_RS00605	Rv0111
M7V54_RS00610	Rv0112
M7V54_RS00615	Rv0113
M7V54_RS00620	Rv0114
M7V54_RS00625	Rv0115
M7V54_RS00630	Rv0115a
M7V54_RS00635	Rv0116c
M7V54_RS00640	Rv0117
M7V54_RS00645	Rv0118c
M7V54_RS00650	Rv0119
M7V54_RS00655	Rv0120c
M7V54_RS00660	Rv0121c
M7V54_RS00665	Rv0122
M7V54_RS00670	Rv0123
M7V54_RS00675	Rv0124
M7V54_RS00680	Rv0125
M7V54_RS00685	Rv0126
M7V54_RS00690	Rv0127
M7V54_RS00695	Rv0128
M7V54_RS00700	Rv0129c
M7V54_RS00705	Rv0130
M7V54_RS00710	Rv0131c
M7V54_RS00715	Rv0132c
M7V54_RS00720	Rv0133
M7V54_RS00725	Rv0134
M7V54_RS00730	Rv0135c
M7V54_RS00735	Rv0136
M7V54_RS00740	Rv0137c
M7V54_RS00745	Rv0138
M7V54_RS00750	Rv0139
M7V54_RS00755	Rv0140
M7V54_RS00760	Rv0141c
M7V54_RS00765	Rv0142
M7V54_RS00770	Rv0143c
M7V54_RS00775	Rv0144
M7V54_RS00780	Rv0145
M7V54_RS00785	Rv0146
M7V54_RS00790	Rv0147
M7V54_RS00795	Rv0148
M7V54_RS00800	Rv0149
M7V54_RS00805	Rv0150c
M7V54_RS00810	Rv0151c
M7V54_RS00820	Rv0153c
M7V54_RS00825	Rv0154c
M7V54_RS00835	Rv0155
M7V54_RS00840	Rv0156
M7V54_RS00845	Rv0157
M7V54_RS00850	Rv0157A
M7V54_RS00855	Rv0158
M7V54_RS00860	Rv0159c
M7V54_RS00865	Rv0160c
M7V54_RS00870	Rv0161
M7V54_RS00875	Rv0162c
M7V54_RS00880	Rv0163
M7V54_RS00885	Rv0164
M7V54_RS00890	Rv0165c
M7V54_RS00895	Rv0166
M7V54_RS00900	Rv0167
M7V54_RS00905	Rv0168
M7V54_RS00910	Rv0169
M7V54_RS00915	Rv0170
M7V54_RS00920	Rv0171
M7V54_RS00925	Rv0172
M7V54_RS00930	Rv0173
M7V54_RS00935	Rv0174
M7V54_RS00940	Rv0175
M7V54_RS00945	Rv0176
M7V54_RS00950	Rv0177
M7V54_RS00955	Rv0178
M7V54_RS00960	Rv0179c
M7V54_RS00965	Rv0180c
M7V54_RS00970	Rv0181c
M7V54_RS00975	Rv0182c
M7V54_RS00980	Rv0183
M7V54_RS00985	Rv0184
M7V54_RS00990	Rv0185
M7V54_RS00995	Rv0186
M7V54_RS01000	Rv0186A
M7V54_RS01005	Rv0187
M7V54_RS01010	Rv0188
M7V54_RS01015	Rv0189c
M7V54_RS01020	Rv0190
M7V54_RS01025	Rv0191
M7V54_RS01030	Rv0192
M7V54_RS01035	Rv0193c
M7V54_RS01040	Rv0194
M7V54_RS01045	Rv0195
M7V54_RS01050	Rv0196
M7V54_RS01055	Rv0197
M7V54_RS01060	Rv0198c
M7V54_RS01065	Rv0199
M7V54_RS01070	Rv0200
M7V54_RS01075	Rv0201c
M7V54_RS01080	Rv0202c
M7V54_RS01085	Rv0203
M7V54_RS01090	Rv0204c
M7V54_RS01095	Rv0205
M7V54_RS01100	Rv0206c
M7V54_RS01105	Rv0207c
M7V54_RS01110	Rv0208c
M7V54_RS01115	Rv0209
M7V54_RS01120	Rv0210
M7V54_RS01125	Rv0211
M7V54_RS01130	Rv0212c
M7V54_RS01140	Rv0214
M7V54_RS01145	Rv0215c
M7V54_RS01150	Rv0216
M7V54_RS01155	Rv0217c
M7V54_RS01160	Rv0218
M7V54_RS01165	Rv0219
M7V54_RS01170	Rv0220
M7V54_RS01175	Rv0221
M7V54_RS01180	Rv0222
M7V54_RS01185	Rv0223c
M7V54_RS01190	Rv0224c
M7V54_RS01195	Rv0225
M7V54_RS01200	Rv0226c
M7V54_RS01205	Rv0227c
M7V54_RS01210	Rv0228
M7V54_RS01215	Rv0229c
M7V54_RS01220	Rv0229c
M7V54_RS01225	Rv0230c
M7V54_RS01230	Rv0231
M7V54_RS01235	Rv0232
M7V54_RS01240	Rv0233
M7V54_RS01245	Rv0234c
M7V54_RS01250	Rv0235c
M7V54_RS01255	Rv0236c
M7V54_RS01260	Rv0236A
M7V54_RS01265	Rv0237
M7V54_RS01270	Rv0238
M7V54_RS01275	Rv0239
M7V54_RS01280	Rv0240
M7V54_RS01285	Rv0241c
M7V54_RS01290	Rv0242c
M7V54_RS01295	Rv0243
M7V54_RS01300	Rv0244c
M7V54_RS01305	Rv0245
M7V54_RS01310	Rv0246
M7V54_RS01315	Rv0247c
M7V54_RS01320	Rv0248c
M7V54_RS01325	Rv0249c
M7V54_RS01330	Rv0250c
M7V54_RS01335	Rv0251c
M7V54_RS01340	Rv0252
M7V54_RS01345	Rv0253
M7V54_RS01350	Rv0254c
M7V54_RS01355	Rv0255c
M7V54_RS01360	Rv0256c
M7V54_RS01370	Rv0258c
M7V54_RS01375	Rv0259c
M7V54_RS01380	Rv0260c
M7V54_RS01385	Rv0261c
M7V54_RS01390	Rv0262c
M7V54_RS01395	Rv0263c
M7V54_RS01400	Rv0264c
M7V54_RS01405	Rv0265c
M7V54_RS01410	Rv0266c
M7V54_RS01415	Rv0267
M7V54_RS01420	Rv0268c
M7V54_RS01425	Rv0268c
M7V54_RS01430	Rv0269c
M7V54_RS01435	Rv0270
M7V54_RS01440	Rv0271c
M7V54_RS01445	Rv0272c
M7V54_RS01450	Rv0273c
M7V54_RS01455	Rv0274
M7V54_RS01460	Rv0275c
M7V54_RS01465	Rv0276
M7V54_RS01470	Rv0277c
M7V54_RS01475	Rv0277A
M7V54_RS01480	Rv0278c
M7V54_RS01485	Rv0279c
M7V54_RS01490	Rv0280
M7V54_RS01495	Rv0281
M7V54_RS01500	Rv0282
M7V54_RS01505	Rv0283
M7V54_RS01510	Rv0284
M7V54_RS01515	Rv0285
M7V54_RS01520	Rv0286
M7V54_RS01525	Rv0287
M7V54_RS01530	Rv0288
M7V54_RS01535	Rv0289
M7V54_RS01540	Rv0290
M7V54_RS01545	Rv0291
M7V54_RS01550	Rv0292
M7V54_RS01555	Rv0293c
M7V54_RS01560	Rv0294
M7V54_RS01565	Rv0295c
M7V54_RS01570	Rv0296c
M7V54_RS01575	Rv0297
M7V54_RS01580	Rv0298
M7V54_RS01585	Rv0299
M7V54_RS01590	Rv0300
M7V54_RS01595	Rv0301
M7V54_RS01600	Rv0302
M7V54_RS01605	Rv0303
M7V54_RS01630	Rv0306
M7V54_RS01635	Rv0307c
M7V54_RS01640	Rv0308
M7V54_RS01645	Rv0309
M7V54_RS01650	Rv0310c
M7V54_RS01655	Rv0311
M7V54_RS01660	Rv0312
M7V54_RS01665	Rv0313
M7V54_RS01670	Rv0314c
M7V54_RS01675	Rv0315
M7V54_RS01680	Rv0316
M7V54_RS01685	Rv0317c
M7V54_RS01690	Rvnt04
M7V54_RS01695	Rv0318c
M7V54_RS01700	Rv0319
M7V54_RS01705	Rv0320
M7V54_RS01710	Rv0321
M7V54_RS01715	Rv0322
M7V54_RS01720	Rv0323c
M7V54_RS01725	Rv0324
M7V54_RS01740	Rv0327c
M7V54_RS01745	Rv0328
M7V54_RS01750	Rv0329c
M7V54_RS01755	Rv0330c
M7V54_RS01760	Rv0331
M7V54_RS01765	Rv0332
M7V54_RS01770	Rv0333
M7V54_RS01775	Rv0334
M7V54_RS01785	Rv0336
M7V54_RS01790	Rv0337c
M7V54_RS01795	Rv0338c
M7V54_RS01800	Rv0339c
M7V54_RS01805	Rv0340
M7V54_RS01810	Rv0341
M7V54_RS01815	Rv0342
M7V54_RS01820	Rv0343
M7V54_RS01825	Rv0344c
M7V54_RS01835	Rv0346c
M7V54_RS01840	Rv0347
M7V54_RS01845	Rv0348
M7V54_RS01855	Rv0349
M7V54_RS01860	Rv0350
M7V54_RS01865	Rv0351
M7V54_RS01870	Rv0352
M7V54_RS01875	Rv0353
M7V54_RS01885	Rv0355c
M7V54_RS01890	Rv0356c
M7V54_RS01895	Rv0357c
M7V54_RS01900	Rv0358
M7V54_RS01905	Rv0359
M7V54_RS01910	Rv0360c
M7V54_RS01915	Rv0361
M7V54_RS01920	Rv0362
M7V54_RS01925	Rv0363c
M7V54_RS01930	Rv0364
M7V54_RS01935	Rv0365c
M7V54_RS01940	Rv0366c
M7V54_RS01945	Rv0367c
M7V54_RS01950	Rv0368c
M7V54_RS01960	Rv0370c
M7V54_RS01965	Rv0371c
M7V54_RS01970	Rv0372c
M7V54_RS01975	Rv0373c
M7V54_RS01980	Rv0374c
M7V54_RS01990	Rv0376c
M7V54_RS01995	Rv0377
M7V54_RS02000	Rv0378
M7V54_RS02005	Rv0379
M7V54_RS02015	Rv0381c
M7V54_RS02020	Rv0382c
M7V54_RS02025	Rv0383c
M7V54_RS02030	Rv0384c
M7V54_RS02035	Rv0385
M7V54_RS02040	Rv0386
M7V54_RS02045	Rv0387c
M7V54_RS02050	Rv0389
M7V54_RS02055	Rv0390
M7V54_RS02060	Rv0391
M7V54_RS02065	Rv0392c
M7V54_RS02070	Rv0393
M7V54_RS02075	Rv0394c
M7V54_RS02080	Rv0395
M7V54_RS02085	Rv0396
M7V54_RS02090	Rv0397
M7V54_RS02095	Rv0397A
M7V54_RS02100	Rv0398c
M7V54_RS02105	Rv0399c
M7V54_RS02110	Rv0400c
M7V54_RS02115	Rv0401
M7V54_RS02120	Rv0402c
M7V54_RS02125	Rv0403c
M7V54_RS02130	Rv0404
M7V54_RS02135	Rv0405
M7V54_RS02140	Rv0406c
M7V54_RS02145	Rv0407
M7V54_RS02150	Rv0408
M7V54_RS02155	Rv0409
M7V54_RS02160	Rv0410c
M7V54_RS02165	Rv0411c
M7V54_RS02170	Rv0412c
M7V54_RS02175	Rv0413
M7V54_RS02180	Rv0414c
M7V54_RS02185	Rv0415
M7V54_RS02190	Rv0416
M7V54_RS02195	Rv0417
M7V54_RS02205	Rv0418
M7V54_RS02210	Rv0419
M7V54_RS02215	Rv0420c
M7V54_RS02220	Rv0421c
M7V54_RS02230	Rv0423c
M7V54_RS02235	Rv0424c
M7V54_RS02250	Rv0426c
M7V54_RS02255	Rv0427c
M7V54_RS02260	Rv0428c
M7V54_RS02265	Rv0429c
M7V54_RS02270	Rv0430
M7V54_RS02275	Rv0431
M7V54_RS02280	Rv0432
M7V54_RS02285	Rv0433
M7V54_RS02290	Rv0434
M7V54_RS02295	Rv0435c
M7V54_RS02300	Rv0436c
M7V54_RS02305	Rv0437c
M7V54_RS02310	Rv0438c
M7V54_RS02315	Rv0439c
M7V54_RS02320	Rv0440
M7V54_RS02325	Rv0441c
M7V54_RS02330	Rv0442c
M7V54_RS02335	Rv0443
M7V54_RS02340	Rv0444c
M7V54_RS02345	Rv0445c
M7V54_RS02350	Rv0446c
M7V54_RS02355	Rv0447c
M7V54_RS02365	Rv0449c
M7V54_RS02370	Rv0450c
M7V54_RS02375	Rv0451c
M7V54_RS02380	Rv0452
M7V54_RS02385	Rv0453
M7V54_RS02395	Rv0455c
M7V54_RS02400	Rv0456c
M7V54_RS02410	Rv0456B
M7V54_RS02415	Rv0457c
M7V54_RS02420	Rv0458
M7V54_RS02425	Rv0459
M7V54_RS02440	Rv0462
M7V54_RS02445	Rv0463
M7V54_RS02450	Rv0464c
M7V54_RS02455	Rv0465c
M7V54_RS02460	Rv0466
M7V54_RS02465	Rv0467
M7V54_RS02470	Rv0468
M7V54_RS02475	Rv0469
M7V54_RS02480	Rv0470c
M7V54_RS02485	Rv0470A
M7V54_RS02490	Rv0471c
M7V54_RS02495	Rv0472c
M7V54_RS02500	Rv0473
M7V54_RS02505	Rv0474
M7V54_RS02510	Rv0475
M7V54_RS02520	Rv0477
M7V54_RS02525	Rv0478
M7V54_RS02530	Rv0479c
M7V54_RS02535	Rv0480c
M7V54_RS02540	Rv0481c
M7V54_RS02545	Rv0482
M7V54_RS02550	Rv0483
M7V54_RS02555	Rv0484c
M7V54_RS02560	Rv0485
M7V54_RS02565	Rv0486
M7V54_RS02570	Rv0487
M7V54_RS02575	Rv0488
M7V54_RS02580	Rv0489
M7V54_RS02585	Rv0490
M7V54_RS02590	Rv0491
M7V54_RS02595	Rv0492c
M7V54_RS02600	Rv0492A
M7V54_RS02605	Rv0493c
M7V54_RS02610	Rv0494
M7V54_RS02615	Rv0495c
M7V54_RS02625	Rv0497
M7V54_RS02630	Rv0498
M7V54_RS02635	Rv0499
M7V54_RS02640	Rv0500
M7V54_RS02645	Rv0500A
M7V54_RS02655	Rv0501
M7V54_RS02660	Rv0502
M7V54_RS02665	Rv0503c
M7V54_RS02670	Rv0504c
M7V54_RS02675	Rv0505c
M7V54_RS02680	Rv0506
M7V54_RS02685	Rv0507
M7V54_RS02690	Rv0508
M7V54_RS02695	Rv0509
M7V54_RS02700	Rv0510
M7V54_RS02705	Rv0511
M7V54_RS02710	Rv0512
M7V54_RS02715	Rv0513
M7V54_RS02720	Rv0514
M7V54_RS02725	Rv0515
M7V54_RS02730	Rv0516c
M7V54_RS02735	Rv0517
M7V54_RS02740	Rv0518
M7V54_RS02745	Rv0519c
M7V54_RS02765	Rv0523c
M7V54_RS02770	Rv0524
M7V54_RS02775	Rv0525
M7V54_RS02780	Rv0526
M7V54_RS02785	Rv0527
M7V54_RS02790	Rv0528
M7V54_RS02795	Rv0529
M7V54_RS02800	Rv0530
M7V54_RS02805	Rv0530A
M7V54_RS02810	Rv0531
M7V54_RS02815	Rv0532
M7V54_RS02820	Rv0533c
M7V54_RS02825	Rv0534c
M7V54_RS02830	Rv0535
M7V54_RS02835	Rv0536
M7V54_RS02840	Rv0537c
M7V54_RS02845	Rv0538
M7V54_RS02855	Rv0540
M7V54_RS02860	Rv0541c
M7V54_RS02865	Rv0542c
M7V54_RS02870	Rv0543c
M7V54_RS02875	Rv0544c
M7V54_RS02880	Rv0545c
M7V54_RS02885	Rv0546c
M7V54_RS02890	Rv0547c
M7V54_RS02895	Rv0548c
M7V54_RS02900	Rv0549c
M7V54_RS02905	Rv0550c
M7V54_RS02910	Rv0551c
M7V54_RS02915	Rv0552
M7V54_RS02920	Rv0553
M7V54_RS02925	Rv0554
M7V54_RS02930	Rv0555
M7V54_RS02935	Rv0556
M7V54_RS02940	Rv0557
M7V54_RS02945	Rv0558
M7V54_RS02950	Rv0559c
M7V54_RS02955	Rv0560c
M7V54_RS02960	Rv0561c
M7V54_RS02965	Rv0562
M7V54_RS02970	Rv0563
M7V54_RS02975	Rv0564c
M7V54_RS02980	Rv0565c
M7V54_RS02985	Rv0566c
M7V54_RS02995	Rv0567
M7V54_RS03000	Rv0568
M7V54_RS03005	Rv0569
M7V54_RS03010	Rv0570
M7V54_RS03015	Rv0571c
M7V54_RS03020	Rv0572c
M7V54_RS03025	Rv0573c
M7V54_RS03030	Rv0574c
M7V54_RS03035	Rv0575c
M7V54_RS03040	Rv0576
M7V54_RS03045	Rv0577
M7V54_RS03050	Rv0578c
M7V54_RS03055	Rv0579
M7V54_RS03060	Rv0580c
M7V54_RS03065	Rv0581
M7V54_RS03070	Rv0582
M7V54_RS03075	Rv0583c
M7V54_RS03080	Rv0584
M7V54_RS03085	Rv0585c
M7V54_RS03090	Rv0586
M7V54_RS03095	Rv0587
M7V54_RS03100	Rv0588
M7V54_RS03105	Rv0589
M7V54_RS03115	Rv0591
M7V54_RS03120	Rv0592
M7V54_RS03125	Rv0593
M7V54_RS03130	Rv0594
M7V54_RS03135	Rv0595c
M7V54_RS03140	Rv0596c
M7V54_RS03145	Rv0597c
M7V54_RS03150	Rv0598c
M7V54_RS03155	Rv0599c
M7V54_RS03160	Rv0600c
M7V54_RS03170	Rv0602c
M7V54_RS03175	Rv0603
M7V54_RS03180	Rv0604
M7V54_RS03185	Rv0605
M7V54_RS03200	Rv0608
M7V54_RS03205	Rv0609
M7V54_RS03210	Rv0609A
M7V54_RS03220	Rv0610c
M7V54_RS03225	Rv0611c
M7V54_RS03230	Rv0612
M7V54_RS03235	Rv0613c
M7V54_RS03240	Rv0614
M7V54_RS03245	Rv0615
M7V54_RS03250	Rv0616A
M7V54_RS03255	Rv0617
M7V54_RS03270	Rv0620
M7V54_RS03275	Rv0621
M7V54_RS03280	Rv0622
M7V54_RS03285	Rv0623
M7V54_RS03290	Rv0624
M7V54_RS03295	Rv0625c
M7V54_RS03300	Rv0626
M7V54_RS03305	Rv0627
M7V54_RS03310	Rv0628c
M7V54_RS03315	Rv0629c
M7V54_RS03320	Rv0630c
M7V54_RS03325	Rv0631c
M7V54_RS03330	Rv0632c
M7V54_RS03335	Rv0633c
M7V54_RS03340	Rv0634c
M7V54_RS03345	Rv0634A
M7V54_RS03350	Rvnt06
M7V54_RS03355	Rvnt07
M7V54_RS03360	Rv0634B
M7V54_RS03365	Rv0635
M7V54_RS03370	Rv0636
M7V54_RS03375	Rv0637
M7V54_RS03380	Rvnt08
M7V54_RS03385	Rv0638
M7V54_RS03390	Rv0639
M7V54_RS03395	Rv0640
M7V54_RS03400	Rv0641
M7V54_RS03405	Rv0642c
M7V54_RS03410	Rv0643c
M7V54_RS03415	Rv0644c
M7V54_RS03420	Rv0645c
M7V54_RS03425	Rv0646c
M7V54_RS03430	Rv0647c
M7V54_RS03435	Rv0648
M7V54_RS03440	Rv0649
M7V54_RS03445	Rv0650
M7V54_RS03450	Rv0651
M7V54_RS03455	Rv0652
M7V54_RS03460	Rv0653c
M7V54_RS03465	Rv0654
M7V54_RS03470	Rv0655
M7V54_RS03475	Rv0656c
M7V54_RS03480	Rv0657c
M7V54_RS03485	Rv0658c
M7V54_RS03490	Rv0659c
M7V54_RS03495	Rv0660c
M7V54_RS03500	Rv0661c
M7V54_RS03505	Rv0662c
M7V54_RS03510	Rv0663
M7V54_RS03520	Rv0665
M7V54_RS03525	Rv0666
M7V54_RS03530	Rv0667
M7V54_RS03535	Rv0668
M7V54_RS03545	Rv0669c
M7V54_RS03550	Rv0670
M7V54_RS03555	Rv0671
M7V54_RS03560	Rv0672
M7V54_RS03565	Rv0673
M7V54_RS03570	Rv0674
M7V54_RS03575	Rv0675
M7V54_RS03580	Rv0676c
M7V54_RS03585	Rv0677c
M7V54_RS03590	Rv0678
M7V54_RS03595	Rv0679c
M7V54_RS03600	Rv0680c
M7V54_RS03605	Rv0681
M7V54_RS03610	Rv0682
M7V54_RS03615	Rv0683
M7V54_RS03620	Rv0684
M7V54_RS03625	Rv0685
M7V54_RS03630	Rv0686
M7V54_RS03635	Rv0687
M7V54_RS03640	Rv0688
M7V54_RS03655	Rv0690c
M7V54_RS03660	Rv0691c
M7V54_RS03665	Rv0691A
M7V54_RS03670	Rv0692
M7V54_RS03675	Rv0693
M7V54_RS03680	Rv0694
M7V54_RS03685	Rv0695
M7V54_RS03690	Rv0696
M7V54_RS03695	Rv0697
M7V54_RS03705	Rv0699
M7V54_RS03715	Rv0700
M7V54_RS03720	Rv0701
M7V54_RS03725	Rv0702
M7V54_RS03730	Rv0703
M7V54_RS03735	Rv0704
M7V54_RS03740	Rv0705
M7V54_RS03745	Rv0706
M7V54_RS03750	Rv0707
M7V54_RS03755	Rv0708
M7V54_RS03760	Rv0709
M7V54_RS03765	Rv0710
M7V54_RS03770	Rv0711
M7V54_RS03775	Rv0712
M7V54_RS03780	Rv0713
M7V54_RS03785	Rv0714
M7V54_RS03790	Rv0715
M7V54_RS03795	Rv0716
M7V54_RS03800	Rv0717
M7V54_RS03805	Rv0718
M7V54_RS03810	Rv0719
M7V54_RS03815	Rv0720
M7V54_RS03820	Rv0721
M7V54_RS03825	Rv0722
M7V54_RS03830	Rv0723
M7V54_RS03835	Rv0724
M7V54_RS03840	Rv0725c
M7V54_RS03845	Rv0726c
M7V54_RS03850	Rv0727c
M7V54_RS03855	Rv0728c
M7V54_RS03860	Rv0729
M7V54_RS03865	Rv0730
M7V54_RS03870	Rv0731c
M7V54_RS03875	Rv0732
M7V54_RS03880	Rv0733
M7V54_RS03885	Rv0734
M7V54_RS03890	Rv0735
M7V54_RS03895	Rv0736
M7V54_RS03905	Rv0737
M7V54_RS03915	Rv0738
M7V54_RS03925	Rv0739
M7V54_RS03930	Rv0740
M7V54_RS03945	Rv0743c
M7V54_RS03950	Rv0744c
M7V54_RS03960	Rv0745
M7V54_RS03965	Rv0746
M7V54_RS03970	Rv0747
M7V54_RS03975	Rv0748
M7V54_RS03980	Rv0749
M7V54_RS03985	Rv0749A
M7V54_RS03990	Rv0750
M7V54_RS03995	Rv0751c
M7V54_RS04000	Rv0752c
M7V54_RS04005	Rv0753c
M7V54_RS04010	Rv0754
M7V54_RS04015	Rv0755c
M7V54_RS04025	Rvnt09
M7V54_RS04030	Rv0756c
M7V54_RS04035	Rv0757
M7V54_RS04040	Rv0758
M7V54_RS04050	Rv0760c
M7V54_RS04055	Rv0761c
M7V54_RS04060	Rv0762c
M7V54_RS04065	Rv0763c
M7V54_RS04070	Rv0764c
M7V54_RS04075	Rv0765c
M7V54_RS04080	Rv0766c
M7V54_RS04085	Rv0767c
M7V54_RS04090	Rv0768
M7V54_RS04095	Rv0769
M7V54_RS04100	Rv0770
M7V54_RS04105	Rv0771
M7V54_RS04110	Rv0772
M7V54_RS04115	Rv0773c
M7V54_RS04120	Rv0774c
M7V54_RS04125	Rv0775
M7V54_RS04130	Rv0776c
M7V54_RS04135	Rv0777
M7V54_RS04140	Rv0778
M7V54_RS04145	Rv0779c
M7V54_RS04150	Rv0780
M7V54_RS04170	Rv0783c
M7V54_RS04175	Rv0784
M7V54_RS04180	Rv0785
M7V54_RS04185	Rv0786c
M7V54_RS04190	Rv0787
M7V54_RS04195	Rv0787A
M7V54_RS04200	Rv0788
M7V54_RS04205	Rv0789c
M7V54_RS04210	Rv0790c
M7V54_RS04215	Rv0791c
M7V54_RS04220	Rv0792c
M7V54_RS04225	Rv0793
M7V54_RS04230	Rv0794c
M7V54_RS04240	Rv0797
M7V54_RS04245	Rv0798c
M7V54_RS04250	Rv0799c
M7V54_RS04255	Rv0800
M7V54_RS04260	Rv0801
M7V54_RS04265	Rv0802c
M7V54_RS04270	Rv0803
M7V54_RS04275	Rv0804
M7V54_RS04280	Rv0805
M7V54_RS04285	Rv0806c
M7V54_RS04290	Rv0807
M7V54_RS04295	Rv0808
M7V54_RS04300	Rv0809
M7V54_RS04305	Rv0810c
M7V54_RS04310	Rv0811c
M7V54_RS04315	Rv0812
M7V54_RS04320	Rv0813c
M7V54_RS04325	Rv3118
M7V54_RS04330	Rv3117
M7V54_RS04335	Rv0816c
M7V54_RS04340	Rv0817c
M7V54_RS04345	Rv0818
M7V54_RS04350	Rv0819
M7V54_RS04355	Rv0820
M7V54_RS04360	Rv0821c
M7V54_RS04365	Rv0822c
M7V54_RS04370	Rv0823c
M7V54_RS04375	Rv0824c
M7V54_RS04380	Rv0825c
M7V54_RS04385	Rv0826
M7V54_RS04390	Rv0827c
M7V54_RS04395	Rv0828c
M7V54_RS04405	Rv0830
M7V54_RS04410	Rv0831c
M7V54_RS04415	Rvnt10
M7V54_RS04420	Rvnt11
M7V54_RS04435	Rv0832
M7V54_RS04445	Rv0834c
M7V54_RS04450	Rv0835
M7V54_RS04465	Rv0837c
M7V54_RS04470	Rv0838
M7V54_RS04475	Rv0839
M7V54_RS04480	Rv0840c
M7V54_RS04485	Rv0842
M7V54_RS04490	Rv0843
M7V54_RS04495	Rv0844c
M7V54_RS04500	Rv0845
M7V54_RS04505	Rv0846c
M7V54_RS04510	Rv0847
M7V54_RS04515	Rv0848
M7V54_RS04520	Rv0849
M7V54_RS04530	Rv0851c
M7V54_RS04535	Rv0852
M7V54_RS04540	Rv0853c
M7V54_RS04545	Rv0854
M7V54_RS04550	Rv0855
M7V54_RS04560	Rv0857
M7V54_RS04565	Rv0858c
M7V54_RS04570	Rv0859
M7V54_RS04575	Rv0860
M7V54_RS04580	Rv0861c
M7V54_RS04585	Rv0862c
M7V54_RS04590	Rv0863
M7V54_RS04595	Rv0864
M7V54_RS04600	Rv0865
M7V54_RS04605	Rv0866
M7V54_RS04610	Rv0867c
M7V54_RS04615	Rv0868c
M7V54_RS04620	Rv0869c
M7V54_RS04625	Rv0870c
M7V54_RS04630	Rv0871
M7V54_RS04635	Rv0872c
M7V54_RS04640	Rv0873
M7V54_RS04645	Rv0874c
M7V54_RS04650	Rv0875c
M7V54_RS04655	Rv0876c
M7V54_RS04660	Rv0877
M7V54_RS04665	Rv0878c
M7V54_RS04670	Rv0879c
M7V54_RS04675	Rv0880
M7V54_RS04680	Rv0881
M7V54_RS04685	Rv0882
M7V54_RS04690	Rv0883c
M7V54_RS04695	Rv0884c
M7V54_RS04700	Rv0885
M7V54_RS04705	Rv0886
M7V54_RS04710	Rv0887c
M7V54_RS04715	Rv0888
M7V54_RS04720	Rv0889c
M7V54_RS04730	Rv0892
M7V54_RS04735	Rv0893c
M7V54_RS04740	Rv0894
M7V54_RS04745	Rv0895
M7V54_RS04750	Rv0896
M7V54_RS04755	Rv0897c
M7V54_RS04760	Rv0898c
M7V54_RS04765	Rv0899
M7V54_RS04770	Rv0900
M7V54_RS04775	Rv0901
M7V54_RS04780	Rv0902c
M7V54_RS04785	Rv0903c
M7V54_RS04790	Rv0904c
M7V54_RS04795	Rv0905
M7V54_RS04800	Rv0906
M7V54_RS04805	Rv0907
M7V54_RS04810	Rv0908
M7V54_RS04820	Rv0909
M7V54_RS04825	Rv0910
M7V54_RS04830	Rv0911
M7V54_RS04835	Rv0912
M7V54_RS04845	Rv0913c
M7V54_RS04850	Rv0914c
M7V54_RS04855	Rv0915c
M7V54_RS04860	Rv0916c
M7V54_RS04865	Rv0917
M7V54_RS04875	Rv0918
M7V54_RS04880	Rv0919
M7V54_RS04885	Rvnt14
M7V54_RS04890	Rv0920c
M7V54_RS04895	Rv0921
M7V54_RS04900	Rv0922
M7V54_RS04905	Rv0923c
M7V54_RS04910	Rv0924c
M7V54_RS04915	Rv0925c
M7V54_RS04920	Rv0926c
M7V54_RS04925	Rv0927c
M7V54_RS04930	Rv0928
M7V54_RS04935	Rv0929
M7V54_RS04940	Rv0930
M7V54_RS04945	Rv0931c
M7V54_RS04950	Rv0932c
M7V54_RS04955	Rv0933
M7V54_RS04960	Rv0934
M7V54_RS04965	Rv0935
M7V54_RS04970	Rv0936
M7V54_RS04975	Rv0937c
M7V54_RS04980	Rv0938
M7V54_RS04985	Rv0939
M7V54_RS04990	Rv0940c
M7V54_RS04995	Rv0941c
M7V54_RS05000	Rv0942
M7V54_RS05005	Rv0943c
M7V54_RS05010	Rv0944
M7V54_RS05015	Rv0945
M7V54_RS05020	Rv0946c
M7V54_RS05025	Rv0947c
M7V54_RS05035	Rv0948c
M7V54_RS05040	Rv0949
M7V54_RS05045	Rv0950c
M7V54_RS05050	Rv0951
M7V54_RS05055	Rv0952
M7V54_RS05060	Rv0953c
M7V54_RS05065	Rv0954
M7V54_RS05070	Rv0955
M7V54_RS05075	Rv0956
M7V54_RS05080	Rv0957
M7V54_RS05085	Rv0958
M7V54_RS05090	Rv0959
M7V54_RS05095	Rv0959A
M7V54_RS05100	Rv0960
M7V54_RS05105	Rv0961
M7V54_RS05110	Rv0962c
M7V54_RS05125	Rv0964c
M7V54_RS05130	Rv0965c
M7V54_RS05135	Rv0966c
M7V54_RS05140	Rv0967
M7V54_RS05145	Rv0968
M7V54_RS05150	Rv0969
M7V54_RS05155	Rv0970
M7V54_RS05160	Rv0971c
M7V54_RS05165	Rv0972c
M7V54_RS05170	Rv0973c
M7V54_RS05175	Rv0974c
M7V54_RS05180	Rv0975c
M7V54_RS05185	Rv0976c
M7V54_RS05190	Rv0977
M7V54_RS05210	Rv0979c
M7V54_RS05215	Rv0979A
M7V54_RS05230	Rv0980c
M7V54_RS05235	Rv0981
M7V54_RS05240	Rv0982
M7V54_RS05245	Rv0983
M7V54_RS05250	Rv0984
M7V54_RS05255	Rv0985c
M7V54_RS05260	Rv0986
M7V54_RS05265	Rv0987
M7V54_RS05270	Rv0988
M7V54_RS05275	Rv0989c
M7V54_RS05280	Rv0990c
M7V54_RS05285	Rv0991c
M7V54_RS05290	Rv0992c
M7V54_RS05295	Rv0993
M7V54_RS05300	Rv0994
M7V54_RS05310	Rv0996
M7V54_RS05320	Rv0997a
M7V54_RS05335	Rv0998
M7V54_RS05345	Rv0999
M7V54_RS05350	Rv1000c
M7V54_RS05355	Rv1001
M7V54_RS05360	Rv1002c
M7V54_RS05365	Rv1003
M7V54_RS05370	Rv1004c
M7V54_RS05375	Rv1005c
M7V54_RS05380	Rv1006
M7V54_RS05385	Rv1007c
M7V54_RS05395	Rv1009
M7V54_RS05400	Rv1010
M7V54_RS05410	Rv1012
M7V54_RS05415	Rv1013
M7V54_RS05420	Rv1014c
M7V54_RS05425	Rv1015c
M7V54_RS05430	Rv1016c
M7V54_RS05435	Rv1017c
M7V54_RS05440	Rv1018c
M7V54_RS05445	Rvnt16
M7V54_RS05450	Rv1019
M7V54_RS05455	Rv1020
M7V54_RS05460	Rv1021
M7V54_RS05465	Rv1022
M7V54_RS05470	Rv1023
M7V54_RS05475	Rv1024
M7V54_RS05485	Rv1026
M7V54_RS05495	Rv1027c
M7V54_RS05500	Rv1028c
M7V54_RS05510	Rv1028A
M7V54_RS05515	Rv1029
M7V54_RS05520	Rv1030
M7V54_RS05525	Rv1031
M7V54_RS05530	Rv1032c
M7V54_RS05535	Rv1033c
M7V54_RS05545	Rv3619c
M7V54_RS05550	Rv1038c
M7V54_RS05555	Rv1039c
M7V54_RS05560	Rv1040c
M7V54_RS05575	Rv1043c
M7V54_RS05580	Rv1044
M7V54_RS05585	Rv1045
M7V54_RS05590	Rv3115
M7V54_RS05595	Rv1048c
M7V54_RS05605	Rv1049
M7V54_RS05610	Rv1050
M7V54_RS05625	Rv1052
M7V54_RS05645	Rvnt17
M7V54_RS05650	Rv1056
M7V54_RS05660	Rv1057
M7V54_RS05665	Rv1058
M7V54_RS05670	Rv1059
M7V54_RS05675	Rv1060
M7V54_RS05680	Rv1061
M7V54_RS05685	Rv1062
M7V54_RS05690	Rv1063c
M7V54_RS05695	Rv1064c
M7V54_RS05700	Rv1065
M7V54_RS05705	Rv1066
M7V54_RS05710	Rv1067c
M7V54_RS05715	Rv1068c
M7V54_RS05720	Rv1069c
M7V54_RS05725	Rv1070c
M7V54_RS05730	Rv1071c
M7V54_RS05735	Rv1072
M7V54_RS05740	Rv1073
M7V54_RS05745	Rv1074c
M7V54_RS05750	Rv1075c
M7V54_RS05760	Rv1077
M7V54_RS05765	Rv1078
M7V54_RS05770	Rv1079
M7V54_RS05775	Rv1080c
M7V54_RS05780	Rv1081c
M7V54_RS05785	Rv1082
M7V54_RS05790	Rv1083
M7V54_RS05795	Rv1084
M7V54_RS05800	Rv1085c
M7V54_RS05805	Rv1086
M7V54_RS05810	Rv1087
M7V54_RS05830	Rv1088a
M7V54_RS05845	Rv1091
M7V54_RS05850	Rv1092c
M7V54_RS05855	Rv1093
M7V54_RS05860	Rv1094
M7V54_RS05865	Rv1095
M7V54_RS05870	Rv1096
M7V54_RS05875	Rv1097c
M7V54_RS05880	Rv1098c
M7V54_RS05885	Rv1099c
M7V54_RS05890	Rv1100
M7V54_RS05895	Rv1101c
M7V54_RS05900	Rv1102c
M7V54_RS05905	Rv1103c
M7V54_RS05915	Rv1106c
M7V54_RS05920	Rv1107c
M7V54_RS05925	Rv1108c
M7V54_RS05930	Rv1109c
M7V54_RS05935	Rv1110
M7V54_RS05940	Rv1111c
M7V54_RS05945	Rv1112
M7V54_RS05950	Rv1113
M7V54_RS05955	Rv1114
M7V54_RS05960	Rv1115
M7V54_RS05965	Rv1116
M7V54_RS05975	Rv1117
M7V54_RS05980	Rv1118c
M7V54_RS05995	Rv1121
M7V54_RS06000	Rv1122
M7V54_RS06005	Rv1123c
M7V54_RS06010	Rv1124
M7V54_RS06015	Rv1125
M7V54_RS06020	Rv1126c
M7V54_RS06025	Rv1127c
M7V54_RS06030	Rv1128c
M7V54_RS06035	Rv1129c
M7V54_RS06040	Rv1130
M7V54_RS06045	Rv1131
M7V54_RS06050	Rv1132
M7V54_RS06055	Rv1133c
M7V54_RS06060	Rv1134
M7V54_RS06090	Rv1138c
M7V54_RS06095	Rv1139c
M7V54_RS06100	Rv1140
M7V54_RS06105	Rv1141c
M7V54_RS06110	Rv1142c
M7V54_RS06115	Rv1143
M7V54_RS06120	Rv1144
M7V54_RS06135	Rv1147
M7V54_RS06140	Rv1948c
M7V54_RS06150	Rv1148c
M7V54_RS06160	Rv1151c
M7V54_RS06165	Rv1152
M7V54_RS06170	Rv1153c
M7V54_RS06175	Rv1154c
M7V54_RS06180	Rv1155
M7V54_RS06185	Rv1155a
M7V54_RS06190	Rv1156
M7V54_RS06200	Rv1157c
M7V54_RS06205	Rv1158c
M7V54_RS06210	Rv1159
M7V54_RS06215	Rv1159A
M7V54_RS06220	Rv1160
M7V54_RS06225	Rv1161
M7V54_RS06230	Rv1162
M7V54_RS06240	Rv1164
M7V54_RS06245	Rv1165
M7V54_RS06250	Rv1166
M7V54_RS06255	Rv1167c
M7V54_RS06260	Rv1168c
M7V54_RS06265	Rv1169c
M7V54_RS06270	Rv1170
M7V54_RS06275	Rv1171
M7V54_RS06280	Rv1172c
M7V54_RS06285	Rv1173
M7V54_RS06290	Rv1174c
M7V54_RS06295	Rv1175c
M7V54_RS06300	Rv1176c
M7V54_RS06305	Rv1177
M7V54_RS06310	Rv1178
M7V54_RS06315	Rv1179c
M7V54_RS06325	Rv1182
M7V54_RS06330	Rv1183
M7V54_RS06335	Rv1184c
M7V54_RS06340	Rv1185c
M7V54_RS06345	Rv1186c
M7V54_RS06350	Rv1187
M7V54_RS06355	Rv1188
M7V54_RS06360	Rv1189
M7V54_RS06365	Rv1190
M7V54_RS06370	Rv1191
M7V54_RS06375	Rv1192
M7V54_RS06380	Rv1193
M7V54_RS06385	Rv1194c
M7V54_RS06390	Rv1195
M7V54_RS06395	Rv1196
M7V54_RS06400	Rv1197
M7V54_RS06405	Rv1198
M7V54_RS06410	Rv2512c
M7V54_RS06415	Rv1200
M7V54_RS06420	Rv1201c
M7V54_RS06425	Rv1202
M7V54_RS06440	Rv1205
M7V54_RS06445	Rv1206
M7V54_RS06450	Rv1207
M7V54_RS06455	Rv1208
M7V54_RS06460	Rv1209
M7V54_RS06465	Rv1210
M7V54_RS06470	Rv1211
M7V54_RS06475	Rv1212c
M7V54_RS06480	Rv1213
M7V54_RS06490	Rv1215c
M7V54_RS06495	Rv1216c
M7V54_RS06500	Rv1217c
M7V54_RS06505	Rv1218c
M7V54_RS06510	Rv1219c
M7V54_RS06515	Rv1220c
M7V54_RS06520	Rv1221
M7V54_RS06525	Rv1222
M7V54_RS06530	Rv1223
M7V54_RS06535	Rv1224
M7V54_RS06540	Rv1225c
M7V54_RS06545	Rv1226c
M7V54_RS06550	Rv1227c
M7V54_RS06555	Rv1228
M7V54_RS06560	Rv1228a
M7V54_RS06565	Rv1229c
M7V54_RS06570	Rv1230c
M7V54_RS06575	Rv1231c
M7V54_RS06580	Rv1232c
M7V54_RS06585	Rv1233c
M7V54_RS06590	Rv1234
M7V54_RS06595	Rv1235
M7V54_RS06600	Rv1236
M7V54_RS06605	Rv1237
M7V54_RS06610	Rv1238
M7V54_RS06615	Rv1239c
M7V54_RS06620	Rv1240
M7V54_RS06625	Rv1241
M7V54_RS06630	Rv1242
M7V54_RS06635	Rv1243c
M7V54_RS06640	Rv1244
M7V54_RS06645	Rv1245c
M7V54_RS06650	Rv1246c
M7V54_RS06655	Rv1247c
M7V54_RS06660	Rv1248c
M7V54_RS06665	Rv1249c
M7V54_RS06670	Rv1250
M7V54_RS06675	Rv1251c
M7V54_RS06680	Rv1252c
M7V54_RS06685	Rv1253
M7V54_RS06690	Rv1254
M7V54_RS06695	Rv1255c
M7V54_RS06700	Rv1256c
M7V54_RS06705	Rv1257c
M7V54_RS06710	Rv1258c
M7V54_RS06715	Rv1259
M7V54_RS06720	Rv1260
M7V54_RS06725	Rv1261c
M7V54_RS06730	Rv1262c
M7V54_RS06735	Rv1263
M7V54_RS06740	Rv1264
M7V54_RS06745	Rv1265
M7V54_RS06750	Rv1266c
M7V54_RS06755	Rv1267c
M7V54_RS06760	Rv1268c
M7V54_RS06765	Rv1269c
M7V54_RS06770	Rv1270c
M7V54_RS06775	Rv1271c
M7V54_RS06780	Rv1272c
M7V54_RS06785	Rv1273c
M7V54_RS06790	Rv1274
M7V54_RS06795	Rv1275
M7V54_RS06805	Rv1277
M7V54_RS06810	Rv1278
M7V54_RS06815	Rv1279
M7V54_RS06820	Rv1280c
M7V54_RS06825	Rv1281c
M7V54_RS06830	Rv1282c
M7V54_RS06835	Rv1283c
M7V54_RS06840	Rv1284
M7V54_RS06845	Rv1285
M7V54_RS06850	Rv1286
M7V54_RS06855	Rv1287
M7V54_RS06860	Rv1288
M7V54_RS06865	Rv1289
M7V54_RS06870	Rv1290c
M7V54_RS06875	Rv1290A
M7V54_RS06880	Rv1291c
M7V54_RS06885	Rvnt18
M7V54_RS06890	Rv1292
M7V54_RS06895	Rv1293
M7V54_RS06900	Rv1294
M7V54_RS06905	Rv1295
M7V54_RS06910	Rv1296
M7V54_RS06915	Rv1297
M7V54_RS06920	Rv1298
M7V54_RS06925	Rv1299
M7V54_RS06930	Rv1300
M7V54_RS06935	Rv1301
M7V54_RS06940	Rv1302
M7V54_RS06945	Rv1303
M7V54_RS06950	Rv1304
M7V54_RS06955	Rv1305
M7V54_RS06960	Rv1306
M7V54_RS06965	Rv1307
M7V54_RS06970	Rv1308
M7V54_RS06975	Rv1309
M7V54_RS06980	Rv1310
M7V54_RS06985	Rv1311
M7V54_RS06990	Rv1312
M7V54_RS06995	Rv3798
M7V54_RS07000	Rv1314c
M7V54_RS07005	Rv1315
M7V54_RS07010	Rvnr01
M7V54_RS07015	Rvnr02
M7V54_RS07020	Rvnr03
M7V54_RS07025	Rv1316c
M7V54_RS07030	Rv1317c
M7V54_RS07035	Rv1318c
M7V54_RS07040	Rv1319c
M7V54_RS07045	Rv1320c
M7V54_RS07050	Rv1321
M7V54_RS07055	Rv1322
M7V54_RS07060	Rv1322A
M7V54_RS07065	Rv1323
M7V54_RS07070	Rv1324
M7V54_RS07075	Rv1325c
M7V54_RS07080	Rv1326c
M7V54_RS07085	Rv1327c
M7V54_RS07090	Rv1328
M7V54_RS07095	Rv1329c
M7V54_RS07100	Rv1330c
M7V54_RS07105	Rv1331
M7V54_RS07110	Rv1332
M7V54_RS07115	Rv1333
M7V54_RS07120	Rv1334
M7V54_RS07125	Rv1335
M7V54_RS07130	Rv1336
M7V54_RS07135	Rv1337
M7V54_RS07140	Rv1338
M7V54_RS07145	Rv1339
M7V54_RS07150	Rv1340
M7V54_RS07155	Rv1341
M7V54_RS07160	Rv1342c
M7V54_RS07165	Rv1343c
M7V54_RS07170	Rv1344
M7V54_RS07175	Rv1345
M7V54_RS07180	Rv1346
M7V54_RS07185	Rv1347c
M7V54_RS07190	Rvnt19
M7V54_RS07195	Rv1348
M7V54_RS07200	Rv1349
M7V54_RS07210	Rv1350
M7V54_RS07215	Rv1351
M7V54_RS07220	Rv1352
M7V54_RS07225	Rv1353c
M7V54_RS07230	Rv1354c
M7V54_RS07235	Rv1355c
M7V54_RS07240	Rv1356c
M7V54_RS07245	Rv1357c
M7V54_RS07255	Rv1358
M7V54_RS07260	Rv1359
M7V54_RS07270	Rv1360
M7V54_RS07275	Rv1361c
M7V54_RS07280	Rv1362c
M7V54_RS07285	Rv1363c
M7V54_RS07290	Rv1364c
M7V54_RS07295	Rv1365c
M7V54_RS07300	Rv1366
M7V54_RS07305	Rv1366A
M7V54_RS07315	Rv1368
M7V54_RS07325	Rv1371
M7V54_RS07330	Rv1372
M7V54_RS07335	Rv1373
M7V54_RS07340	Rv1374c
M7V54_RS07345	Rv1375
M7V54_RS07350	Rv1376
M7V54_RS07355	Rv1377c
M7V54_RS07360	Rv1378c
M7V54_RS07365	Rv1379
M7V54_RS07370	Rv1380
M7V54_RS07375	Rv1381
M7V54_RS07380	Rv1382
M7V54_RS07385	Rv1383
M7V54_RS07390	Rv1384
M7V54_RS07395	Rv1385
M7V54_RS07400	Rv1386
M7V54_RS07405	Rv1387
M7V54_RS07410	Rv1388
M7V54_RS07415	Rv1389
M7V54_RS07420	Rv1390
M7V54_RS07425	Rv1391
M7V54_RS07430	Rv1392
M7V54_RS07435	Rv1393c
M7V54_RS07440	Rv1394c
M7V54_RS07445	Rv1395
M7V54_RS07450	Rv1396c
M7V54_RS07455	Rv1397c
M7V54_RS07460	Rv1398c
M7V54_RS07465	Rv1399c
M7V54_RS07470	Rv1400c
M7V54_RS07480	Rv1402
M7V54_RS07485	Rv1403c
M7V54_RS07490	Rv1404
M7V54_RS07495	Rv1405c
M7V54_RS07500	Rv1406
M7V54_RS07505	Rv1407
M7V54_RS07510	Rv1408
M7V54_RS07515	Rv1409
M7V54_RS07520	Rv1410c
M7V54_RS07525	Rv1411c
M7V54_RS07530	Rv1412
M7V54_RS07540	Rv1415
M7V54_RS07545	Rv1416
M7V54_RS07550	Rv1417
M7V54_RS07555	Rv1418
M7V54_RS07560	Rv1419
M7V54_RS07565	Rv1420
M7V54_RS07570	Rv1421
M7V54_RS07575	Rv1422
M7V54_RS07580	Rv1423
M7V54_RS07585	Rv1424c
M7V54_RS07590	Rv1425
M7V54_RS07595	Rv1426c
M7V54_RS07600	Rv1427c
M7V54_RS07605	Rv1428c
M7V54_RS07610	Rv1429
M7V54_RS07615	Rv1430
M7V54_RS07620	Rv1431
M7V54_RS07625	Rv1432
M7V54_RS07630	Rv1433
M7V54_RS07635	Rv1434
M7V54_RS07640	Rv1435c
M7V54_RS07645	Rv1436
M7V54_RS07650	Rv1437
M7V54_RS07655	Rv1438
M7V54_RS07665	Rv1439c
M7V54_RS07670	Rv1440
M7V54_RS07675	Rv1441c
M7V54_RS07680	Rv1442
M7V54_RS07685	Rv1443c
M7V54_RS07690	Rv1444c
M7V54_RS07695	Rv1445c
M7V54_RS07700	Rv1446c
M7V54_RS07705	Rv1447c
M7V54_RS07710	Rv1448c
M7V54_RS07715	Rv1449c
M7V54_RS07725	Rv1451
M7V54_RS07730	Rv1452c
M7V54_RS07735	Rv1453
M7V54_RS07740	Rv1454c
M7V54_RS07745	Rv1455
M7V54_RS07750	Rv1456c
M7V54_RS07755	Rv1457c
M7V54_RS07760	Rv1458c
M7V54_RS07765	Rv1459c
M7V54_RS07770	Rv1460
M7V54_RS07775	Rv1461
M7V54_RS07780	Rv1462
M7V54_RS07785	Rv1463
M7V54_RS07790	Rv1464
M7V54_RS07795	Rv1465
M7V54_RS07800	Rv1466
M7V54_RS07805	Rv1467c
M7V54_RS07810	Rv1468c
M7V54_RS07815	Rv1469
M7V54_RS07820	Rv1470
M7V54_RS07825	Rv1471
M7V54_RS07830	Rv1472
M7V54_RS07835	Rv1473
M7V54_RS07840	Rv1473A
M7V54_RS07845	Rv1474c
M7V54_RS07850	Rv1475c
M7V54_RS07855	Rv1476
M7V54_RS07860	Rv1477
M7V54_RS07865	Rv1478
M7V54_RS07870	Rv1479
M7V54_RS07875	Rv1480
M7V54_RS07880	Rv1481
M7V54_RS07885	Rv1482c
M7V54_RS07890	Rv1483
M7V54_RS07895	Rv1484
M7V54_RS07900	Rv1485
M7V54_RS07905	Rv1486c
M7V54_RS07910	Rv1487
M7V54_RS07915	Rv1488
M7V54_RS07920	Rv1489
M7V54_RS07925	Rv1489A
M7V54_RS07930	Rv1490
M7V54_RS07935	Rv1491c
M7V54_RS07940	Rv1492
M7V54_RS07945	Rv1493
M7V54_RS07950	Rv1494
M7V54_RS07955	Rv1495
M7V54_RS07960	Rv1496
M7V54_RS07965	Rv1497
M7V54_RS07975	Rv1498A
M7V54_RS07985	Rv1500
M7V54_RS07990	Rv1501
M7V54_RS07995	Rv1502
M7V54_RS08000	Rv1503c
M7V54_RS08005	Rv1505c
M7V54_RS08010	Rv1506c
M7V54_RS08015	Rv1507c
M7V54_RS08020	Rv1507A
M7V54_RS08025	Rv1508c
M7V54_RS08030	Rv1508A
M7V54_RS08035	Rv1509
M7V54_RS08040	Rv1510
M7V54_RS08050	Rv1511
M7V54_RS08055	Rv1512
M7V54_RS08060	Rv1513
M7V54_RS08065	Rv1514c
M7V54_RS08070	Rv1515c
M7V54_RS08075	Rv1516c
M7V54_RS08080	Rv1517
M7V54_RS08085	Rv1518
M7V54_RS08090	Rv1519
M7V54_RS08095	Rv1520
M7V54_RS08100	Rv1521
M7V54_RS08105	Rv1522c
M7V54_RS08110	Rv1523
M7V54_RS08115	Rv1524
M7V54_RS08120	Rv1525
M7V54_RS08125	Rv1526c
M7V54_RS08130	Rv1527c
M7V54_RS08135	Rv1528c
M7V54_RS08140	Rv1529
M7V54_RS08145	Rv1530
M7V54_RS08150	Rv1531
M7V54_RS08155	Rv1532c
M7V54_RS08160	Rv1533
M7V54_RS08165	Rv1534
M7V54_RS08170	Rv1535
M7V54_RS08175	Rv1536
M7V54_RS08180	Rv1537
M7V54_RS08185	Rv1538c
M7V54_RS08190	Rv1539
M7V54_RS08195	Rv1540
M7V54_RS08200	Rv1541c
M7V54_RS08205	Rv1542c
M7V54_RS08210	Rv1543
M7V54_RS08215	Rv1544
M7V54_RS08220	Rv1545
M7V54_RS08225	Rv1546
M7V54_RS08230	Rv1547
M7V54_RS08235	Rv1548c
M7V54_RS08245	Rv1551
M7V54_RS08255	Rv1552
M7V54_RS08260	Rv1553
M7V54_RS08265	Rv1554
M7V54_RS08270	Rv1555
M7V54_RS08275	Rv1556
M7V54_RS08280	Rv1557
M7V54_RS08285	Rv1558
M7V54_RS08290	Rv1559
M7V54_RS08295	Rv1560
M7V54_RS08300	Rv1561
M7V54_RS08305	Rv1562c
M7V54_RS08310	Rv1563c
M7V54_RS08315	Rv1564c
M7V54_RS08320	Rv1565c
M7V54_RS08325	Rv1566c
M7V54_RS08335	Rv1568
M7V54_RS08340	Rv1569
M7V54_RS08345	Rv1570
M7V54_RS08350	Rv1571
M7V54_RS08355	Rv1573
M7V54_RS08365	Rv1575
M7V54_RS08370	Rv1576c
M7V54_RS08380	Rv1578c
M7V54_RS08385	Rv1579c
M7V54_RS08390	Rv1580c
M7V54_RS08395	Rv1581c
M7V54_RS08400	Rv1582c
M7V54_RS08405	Rv1583c
M7V54_RS08410	Rv1584c
M7V54_RS08415	Rv1585c
M7V54_RS08420	Rv1586c
M7V54_RS08430	Rv1589
M7V54_RS08435	Rv1590
M7V54_RS08440	Rv1591
M7V54_RS08445	Rv1592c
M7V54_RS08450	Rv1593c
M7V54_RS08455	Rv1594
M7V54_RS08460	Rv1595
M7V54_RS08465	Rv1596
M7V54_RS08470	Rv1597
M7V54_RS08475	Rv1598c
M7V54_RS08480	Rv1599
M7V54_RS08485	Rv1600
M7V54_RS08490	Rv1601
M7V54_RS08495	Rv1602
M7V54_RS08500	Rv1603
M7V54_RS08505	Rv1604
M7V54_RS08510	Rv1605
M7V54_RS08515	Rv1606
M7V54_RS08520	Rv1607
M7V54_RS08525	Rv1608c
M7V54_RS08530	Rv1609
M7V54_RS08535	Rv1610
M7V54_RS08540	Rv1611
M7V54_RS08545	Rv1612
M7V54_RS08550	Rv1613
M7V54_RS08555	Rv1614
M7V54_RS08565	Rv1615
M7V54_RS08570	Rv1616
M7V54_RS08575	Rv1617
M7V54_RS08580	Rv1618
M7V54_RS08585	Rv1619
M7V54_RS08590	Rv1620c
M7V54_RS08595	Rv1621c
M7V54_RS08600	Rv1622c
M7V54_RS08605	Rv1623c
M7V54_RS08610	Rv1624c
M7V54_RS08615	Rv1625c
M7V54_RS08625	Rv1626
M7V54_RS08630	Rv1627c
M7V54_RS08635	Rv1628c
M7V54_RS08640	Rv1629
M7V54_RS08645	Rv1630
M7V54_RS08650	Rv1631
M7V54_RS08655	Rv1632c
M7V54_RS08660	Rv1633
M7V54_RS08665	Rv1634
M7V54_RS08670	Rv1635c
M7V54_RS08675	Rv1636
M7V54_RS08680	Rv1637c
M7V54_RS08685	Rv1638
M7V54_RS08690	Rv1638A
M7V54_RS08695	Rv1639c
M7V54_RS08700	Rv1640c
M7V54_RS08705	Rv1641
M7V54_RS08710	Rv1642
M7V54_RS08715	Rv1643
M7V54_RS08720	Rv1644
M7V54_RS08725	Rv1645c
M7V54_RS08730	Rv1646
M7V54_RS08735	Rv1647
M7V54_RS08740	Rv1648
M7V54_RS08745	Rv1649
M7V54_RS08750	Rv1650
M7V54_RS08755	Rv1651c
M7V54_RS08760	Rv1652
M7V54_RS08765	Rv1653
M7V54_RS08770	Rv1654
M7V54_RS08775	Rv1655
M7V54_RS08780	Rv1656
M7V54_RS08785	Rv1657
M7V54_RS08790	Rv1658
M7V54_RS08795	Rv1659
M7V54_RS08800	Rv1660
M7V54_RS08805	Rv1661
M7V54_RS08810	Rv1662
M7V54_RS08815	Rv1663
M7V54_RS08820	Rv1664
M7V54_RS08825	Rv1665
M7V54_RS08830	Rv1666c
M7V54_RS08835	Rv1667c
M7V54_RS08840	Rv1669
M7V54_RS08845	Rv1670
M7V54_RS08850	Rv1671
M7V54_RS08855	Rv1672c
M7V54_RS08860	Rv1673c
M7V54_RS08865	Rv1674c
M7V54_RS08875	Rv1675c
M7V54_RS08880	Rv1676
M7V54_RS08885	Rv1677
M7V54_RS08890	Rv1678
M7V54_RS08895	Rv1679
M7V54_RS08900	Rv1680
M7V54_RS08905	Rv1681
M7V54_RS08910	Rv1682
M7V54_RS08915	Rv1683
M7V54_RS08920	Rv1684
M7V54_RS08925	Rv1685c
M7V54_RS08935	Rv1687c
M7V54_RS08940	Rv1688
M7V54_RS08945	Rv1689
M7V54_RS08950	Rv1690
M7V54_RS08955	Rv1691
M7V54_RS08960	Rv1692
M7V54_RS08965	Rv1693
M7V54_RS08970	Rv1694
M7V54_RS08975	Rv1695
M7V54_RS08980	Rv1696
M7V54_RS08985	Rv1697
M7V54_RS08990	Rv1698
M7V54_RS08995	Rv1699
M7V54_RS09000	Rv1700
M7V54_RS09005	Rv1701
M7V54_RS09010	Rv1702c
M7V54_RS09020	Rv1703c
M7V54_RS09025	Rv1704c
M7V54_RS09030	Rv1705c
M7V54_RS09035	Rv1706c
M7V54_RS09040	Rv1706A
M7V54_RS09045	Rv1707
M7V54_RS09050	Rv1708
M7V54_RS09055	Rv1709
M7V54_RS09060	Rv1710
M7V54_RS09065	Rv1711
M7V54_RS09070	Rv1712
M7V54_RS09075	Rv1713
M7V54_RS09080	Rv1714
M7V54_RS09085	Rv1715
M7V54_RS09090	Rv1716
M7V54_RS09095	Rv1717
M7V54_RS09100	Rv1718
M7V54_RS09105	Rv1719
M7V54_RS09110	Rvnt21
M7V54_RS09120	Rv1720c
M7V54_RS09125	Rv1721c
M7V54_RS09130	Rv1722
M7V54_RS09135	Rv1723
M7V54_RS09140	Rv1724c
M7V54_RS09145	Rv1725c
M7V54_RS09150	Rv1726
M7V54_RS09155	Rv1727
M7V54_RS09160	Rv1728c
M7V54_RS09165	Rv1729c
M7V54_RS09170	Rv1730c
M7V54_RS09175	Rv1731
M7V54_RS09180	Rv1732c
M7V54_RS09185	Rv1733c
M7V54_RS09190	Rv1734c
M7V54_RS09200	Rv1735a
M7V54_RS09205	Rv1736c
M7V54_RS09210	Rv1737c
M7V54_RS09215	Rv1738
M7V54_RS09220	Rv1739c
M7V54_RS09225	Rv1740
M7V54_RS09230	Rv1741
M7V54_RS09235	Rv1742
M7V54_RS09240	Rv1743
M7V54_RS09245	Rv1744c
M7V54_RS09250	Rv1745c
M7V54_RS09255	Rv1746
M7V54_RS09260	Rv1747
M7V54_RS09265	Rv1748
M7V54_RS09270	Rv1749c
M7V54_RS09275	Rv1750c
M7V54_RS09280	Rv1751
M7V54_RS09290	Rv1753c
M7V54_RS09295	Rv1754c
M7V54_RS09320	Rv1758
M7V54_RS09325	Rv1759c
M7V54_RS09330	Rv1760
M7V54_RS09335	Rv1761c
M7V54_RS09340	Rv1762c
M7V54_RS09355	Rv2015c
M7V54_RS09360	Rv1766
M7V54_RS09365	Rv1767
M7V54_RS09370	Rv1768
M7V54_RS09375	Rv1769
M7V54_RS09380	Rv1770
M7V54_RS09385	Rv1771
M7V54_RS09390	Rv1772
M7V54_RS09395	Rv1773c
M7V54_RS09400	Rv1774
M7V54_RS09405	Rv1775
M7V54_RS09410	Rv1776c
M7V54_RS09415	Rv1777
M7V54_RS09420	Rv1778c
M7V54_RS09425	Rv1779c
M7V54_RS09430	Rv1780
M7V54_RS09435	Rv1781c
M7V54_RS09440	Rv1782
M7V54_RS09445	Rv1783
M7V54_RS09450	Rv1785c
M7V54_RS09455	Rv1786
M7V54_RS09460	Rv1787
M7V54_RS09465	Rv1788
M7V54_RS09470	Rv1789
M7V54_RS09475	Rv1790
M7V54_RS09480	Rv1791
M7V54_RS09485	Rv1792
M7V54_RS09490	Rv1793
M7V54_RS09495	Rv1794
M7V54_RS09500	Rv1795
M7V54_RS09505	Rv1796
M7V54_RS09510	Rv1797
M7V54_RS09515	Rv1798
M7V54_RS09520	Rv1799
M7V54_RS09525	Rv1800
M7V54_RS09530	Rv1801
M7V54_RS09535	Rv1802
M7V54_RS09540	Rv1803c
M7V54_RS09545	Rv1804c
M7V54_RS09550	Rv1806
M7V54_RS09560	Rv1808
M7V54_RS09565	Rv1809
M7V54_RS09570	Rv1810
M7V54_RS09575	Rv1811
M7V54_RS09580	Rv1812c
M7V54_RS09585	Rv1813c
M7V54_RS09595	Rv1815
M7V54_RS09600	Rv1816
M7V54_RS09615	Rv1817
M7V54_RS09620	Rv1818c
M7V54_RS09625	Rv1819c
M7V54_RS09630	Rv1820
M7V54_RS09635	Rv1821
M7V54_RS09640	Rv1822
M7V54_RS09645	Rv1823
M7V54_RS09650	Rv1824
M7V54_RS09655	Rv1825
M7V54_RS09660	Rv1826
M7V54_RS09665	Rv1827
M7V54_RS09670	Rv1828
M7V54_RS09675	Rv1829
M7V54_RS09680	Rv1830
M7V54_RS09685	Rv1832
M7V54_RS09690	Rv1833c
M7V54_RS09695	Rv1834
M7V54_RS09700	Rv1835c
M7V54_RS09705	Rv1836c
M7V54_RS09710	Rv1837c
M7V54_RS09715	Rv1838c
M7V54_RS09720	Rv1839c
M7V54_RS09725	Rv1840c
M7V54_RS09730	Rv1841c
M7V54_RS09735	Rv1842c
M7V54_RS09740	Rv1843c
M7V54_RS09745	Rv1844c
M7V54_RS09750	Rv1845c
M7V54_RS09755	Rv1846c
M7V54_RS09760	Rv1847
M7V54_RS09765	Rv1848
M7V54_RS09770	Rv1849
M7V54_RS09775	Rv1850
M7V54_RS09780	Rv1851
M7V54_RS09785	Rv1852
M7V54_RS09790	Rv1853
M7V54_RS09795	Rv1854c
M7V54_RS09800	Rv1855c
M7V54_RS09805	Rv1856c
M7V54_RS09810	Rv1857
M7V54_RS09815	Rv1858
M7V54_RS09820	Rv1859
M7V54_RS09825	Rv1860
M7V54_RS09830	Rv1861
M7V54_RS09835	Rv1862
M7V54_RS09840	Rv1863c
M7V54_RS09845	Rv1864c
M7V54_RS09850	Rv1865c
M7V54_RS09855	Rv1866
M7V54_RS09860	Rv1867
M7V54_RS09865	Rv1868
M7V54_RS09870	Rv1869c
M7V54_RS09875	Rv1870c
M7V54_RS09880	Rv1871c
M7V54_RS09885	Rv1872c
M7V54_RS09890	Rv1873
M7V54_RS09895	Rv1874
M7V54_RS09900	Rv1875
M7V54_RS09910	Rv1876
M7V54_RS09915	Rv1877
M7V54_RS09920	Rv1878
M7V54_RS09925	Rv1879
M7V54_RS09930	Rv1880c
M7V54_RS09935	Rv1881c
M7V54_RS09940	Rv1882c
M7V54_RS09945	Rv1883c
M7V54_RS09950	Rv1884c
M7V54_RS09955	Rv1885c
M7V54_RS09960	Rv1886c
M7V54_RS09965	Rv1887
M7V54_RS09970	Rv1887a
M7V54_RS09980	Rv1890c
M7V54_RS09985	Rv1891
M7V54_RS09990	Rv1892
M7V54_RS09995	Rv1893
M7V54_RS10000	Rv1894c
M7V54_RS10005	Rv1895
M7V54_RS10010	Rv1896c
M7V54_RS10015	Rv1897c
M7V54_RS10020	Rv1898
M7V54_RS10025	Rv1899c
M7V54_RS10030	Rv1899c
M7V54_RS10035	Rv1900c
M7V54_RS10040	Rv1901
M7V54_RS10045	Rv1902c
M7V54_RS10050	Rv1903
M7V54_RS10055	Rv1904
M7V54_RS10060	Rv1905c
M7V54_RS10065	Rv1906c
M7V54_RS10070	Rv1907c
M7V54_RS10075	Rv1908c
M7V54_RS10080	Rv1909c
M7V54_RS10085	Rv1910c
M7V54_RS10090	Rv1911c
M7V54_RS10095	Rv1912c
M7V54_RS10100	Rv1913
M7V54_RS10105	Rv1914c
M7V54_RS10110	Rv1915
M7V54_RS10115	Rv1916
M7V54_RS10120	Rv1917c
M7V54_RS10125	Rv1918c
M7V54_RS10130	Rv1919c
M7V54_RS10135	Rv1920
M7V54_RS10140	Rv1921c
M7V54_RS10145	Rv1922
M7V54_RS10150	Rv1923
M7V54_RS10155	Rv1924c
M7V54_RS10160	Rv1925
M7V54_RS10165	Rv1926c
M7V54_RS10170	Rv1927
M7V54_RS10175	Rv1928c
M7V54_RS10180	Rv1929c
M7V54_RS10185	Rv1930c
M7V54_RS10190	Rv1931c
M7V54_RS10195	Rv1932
M7V54_RS10200	Rv1933c
M7V54_RS10205	Rv1934c
M7V54_RS10210	Rv1935c
M7V54_RS10215	Rv1936
M7V54_RS10220	Rv1937
M7V54_RS10225	Rv1938
M7V54_RS10230	Rv1939
M7V54_RS10235	Rv1940
M7V54_RS10240	Rv1941
M7V54_RS10245	Rv1942c
M7V54_RS10250	Rv1943c
M7V54_RS10255	Rv1944c
M7V54_RS10260	Rv1945
M7V54_RS10265	Rv1946c
M7V54_RS10270	Rv1947
M7V54_RS10280	Rv1948c
M7V54_RS10290	Rv1950c
M7V54_RS10295	Rv1951c
M7V54_RS10300	Rv1952
M7V54_RS10305	Rv1953
M7V54_RS10310	Rv1954c
M7V54_RS10315	Rv1955
M7V54_RS10320	Rv1956
M7V54_RS10325	Rv1957
M7V54_RS10330	Rv1958c
M7V54_RS10335	Rv1959c
M7V54_RS10340	Rv1960c
M7V54_RS10345	Rv1961
M7V54_RS10350	Rv1962c
M7V54_RS10355	Rv1962A
M7V54_RS10360	Rv1963c
M7V54_RS10365	Rv1964
M7V54_RS10370	Rv1965
M7V54_RS10375	Rv1966
M7V54_RS10380	Rv1967
M7V54_RS10385	Rv1968
M7V54_RS10390	Rv1969
M7V54_RS10395	Rv1970
M7V54_RS10400	Rv1971
M7V54_RS10405	Rv1972
M7V54_RS10410	Rv1973
M7V54_RS10415	Rv1974
M7V54_RS10420	Rv1975
M7V54_RS10425	Rv1976c
M7V54_RS10430	Rv1977
M7V54_RS10435	Rv1978
M7V54_RS10440	Rv1979c
M7V54_RS10445	Rv1980c
M7V54_RS10450	Rv1981c
M7V54_RS10455	Rv1982c
M7V54_RS10460	Rv1982A
M7V54_RS10465	Rv1983
M7V54_RS10470	Rv1984c
M7V54_RS10475	RV1984a
M7V54_RS10480	Rv1985c
M7V54_RS10485	Rv1986
M7V54_RS10490	Rv1987
M7V54_RS10495	Rv1988
M7V54_RS10500	Rv1989c
M7V54_RS10505	Rv1990c
M7V54_RS10520	Rv1991c
M7V54_RS10525	Rv1991A
M7V54_RS10530	Rv1992c
M7V54_RS10535	Rv1993c
M7V54_RS10540	Rv1994c
M7V54_RS10545	Rv1995
M7V54_RS10550	Rv1996
M7V54_RS10555	Rv1997
M7V54_RS10560	Rv1998c
M7V54_RS10565	Rv1999c
M7V54_RS10570	Rv2000
M7V54_RS10575	Rv2001
M7V54_RS10580	Rv2002
M7V54_RS10585	Rv2003c
M7V54_RS10595	Rv2004c
M7V54_RS10600	Rv2005c
M7V54_RS10605	Rv2006
M7V54_RS10610	Rv2007c
M7V54_RS10615	Rv2008c
M7V54_RS10620	Rv2009
M7V54_RS10625	Rv2010
M7V54_RS10630	Rv2011c
M7V54_RS10635	Rv2012
M7V54_RS10655	Rv2015c
M7V54_RS10660	Rv2016
M7V54_RS10665	Rv2017
M7V54_RS10670	Rv2018
M7V54_RS10675	Rv2019
M7V54_RS10685	Rv2021c
M7V54_RS10690	Rv2022c
M7V54_RS10700	Rv2023A
M7V54_RS10705	Rv2024c
M7V54_RS10710	Rv2025c
M7V54_RS10715	Rv2026c
M7V54_RS10720	Rv2027c
M7V54_RS10725	Rv2028c
M7V54_RS10730	Rv2029c
M7V54_RS10735	Rv2030c
M7V54_RS10740	Rv2031c
M7V54_RS10745	Rv2032
M7V54_RS10750	Rv2033c
M7V54_RS10755	Rv2034
M7V54_RS10760	Rv2035
M7V54_RS10765	Rv2036
M7V54_RS10770	Rv2037c
M7V54_RS10775	Rv2038c
M7V54_RS10780	Rv2039c
M7V54_RS10785	Rv2040c
M7V54_RS10790	Rv2041c
M7V54_RS10795	Rv2042c
M7V54_RS10800	Rv2043c
M7V54_RS10810	Rv2045c
M7V54_RS10815	Rv2046
M7V54_RS10820	Rv2047c
M7V54_RS10825	Rv2048c
M7V54_RS10835	Rv2050
M7V54_RS10840	Rv2051c
M7V54_RS10845	Rv2052c
M7V54_RS10850	Rv2053c
M7V54_RS10855	Rv2054
M7V54_RS10860	Rv2055c
M7V54_RS10865	Rv2056c
M7V54_RS10870	Rv2057c
M7V54_RS10875	Rv2058c
M7V54_RS10880	Rv2059
M7V54_RS10885	Rv2060
M7V54_RS10890	Rv2061c
M7V54_RS10895	Rv2062c
M7V54_RS10900	Rv2063
M7V54_RS10905	Rv2063A
M7V54_RS10910	Rv2064
M7V54_RS10915	Rv2065
M7V54_RS10920	Rv2066
M7V54_RS10925	Rv2067c
M7V54_RS10930	Rv2068c
M7V54_RS10935	Rv2069
M7V54_RS10940	Rv2070c
M7V54_RS10945	Rv2071c
M7V54_RS10950	Rv2072c
M7V54_RS10955	Rv2073c
M7V54_RS10960	Rv2074
M7V54_RS10965	Rv2075c
M7V54_RS10970	Rv2077c
M7V54_RS10975	Rv2077A
M7V54_RS10980	Rv2078
M7V54_RS10985	Rv2079
M7V54_RS10990	Rv2080
M7V54_RS11000	Rv2081c
M7V54_RS11010	Rv2082
M7V54_RS11015	Rv2083
M7V54_RS11020	Rv2084
M7V54_RS11030	Rv2088
M7V54_RS11035	Rv2089c
M7V54_RS11040	Rv2090
M7V54_RS11045	Rv2091c
M7V54_RS11050	Rv2092c
M7V54_RS11055	Rv2093c
M7V54_RS11060	Rv2094c
M7V54_RS11065	Rv2095c
M7V54_RS11070	Rv2096c
M7V54_RS11075	Rv2097c
M7V54_RS11080	Rv2098c
M7V54_RS11090	Rv2100
M7V54_RS11095	Rv2101
M7V54_RS11105	Rv2103c
M7V54_RS11110	Rv2104c
M7V54_RS11115	Rv2104a
M7V54_RS11125	Rv2107
M7V54_RS11130	Rv2108
M7V54_RS11135	Rv2109c
M7V54_RS11140	Rv2110c
M7V54_RS11145	Rv2111c
M7V54_RS11150	Rv2112c
M7V54_RS11155	Rv2113
M7V54_RS11160	Rv2114
M7V54_RS11165	Rv2115c
M7V54_RS11170	Rv2116
M7V54_RS11175	Rv2117
M7V54_RS11180	Rv2118c
M7V54_RS11185	Rv2119
M7V54_RS11190	Rv2120c
M7V54_RS11195	Rv2121c
M7V54_RS11200	Rv2122c
M7V54_RS11205	Rv2123
M7V54_RS11210	Rv2124c
M7V54_RS11215	Rv2125
M7V54_RS11220	Rv2126c
M7V54_RS11230	Rv2127
M7V54_RS11235	Rv2128
M7V54_RS11240	Rv2129c
M7V54_RS11245	Rv2130c
M7V54_RS11250	Rv2131c
M7V54_RS11255	Rv2132
M7V54_RS11260	Rv2133c
M7V54_RS11265	Rv2134c
M7V54_RS11270	Rv2135c
M7V54_RS11275	Rv2136c
M7V54_RS11280	Rv2137c
M7V54_RS11285	Rv2138
M7V54_RS11295	Rv2139
M7V54_RS11300	Rv2140c
M7V54_RS11305	Rv2141c
M7V54_RS11310	Rvnt22
M7V54_RS11315	Rv2142c
M7V54_RS11320	Rv2142A
M7V54_RS11325	Rv2143
M7V54_RS11330	Rv2144c
M7V54_RS11335	Rv2145c
M7V54_RS11340	Rv2146c
M7V54_RS11345	Rv2147c
M7V54_RS11350	Rv2148c
M7V54_RS11355	Rv2149c
M7V54_RS11360	Rv2150c
M7V54_RS11365	Rv2151c
M7V54_RS11370	Rv2152c
M7V54_RS11375	Rv2153c
M7V54_RS11380	Rv2154c
M7V54_RS11385	Rv2155c
M7V54_RS11390	Rv2156c
M7V54_RS11395	Rv2157c
M7V54_RS11400	Rv2158c
M7V54_RS11405	Rv2159c
M7V54_RS11410	Rv2160c
M7V54_RS11420	Rv2161c
M7V54_RS11425	Rv2162c
M7V54_RS11430	Rv2163c
M7V54_RS11435	Rv2164c
M7V54_RS11440	Rv2165c
M7V54_RS11445	Rv2166c
M7V54_RS11455	Rv2169c
M7V54_RS11460	Rv2170
M7V54_RS11465	Rv2171
M7V54_RS11470	Rv2172c
M7V54_RS11475	Rv2173
M7V54_RS11480	Rv2174
M7V54_RS11485	Rv2175c
M7V54_RS11490	Rv2176
M7V54_RS11495	Rv2177c
M7V54_RS11505	Rv2178c
M7V54_RS11510	Rv2179c
M7V54_RS11515	Rv2180c
M7V54_RS11520	Rv2181
M7V54_RS11525	Rv2182c
M7V54_RS11530	Rv2183c
M7V54_RS11540	Rv2185c
M7V54_RS11545	Rv2186c
M7V54_RS11550	Rv2187
M7V54_RS11555	Rv2188c
M7V54_RS11560	Rv2189c
M7V54_RS11565	Rv2190c
M7V54_RS11575	Rv2191
M7V54_RS11580	Rv2192c
M7V54_RS11585	Rv2193
M7V54_RS11590	Rv2194
M7V54_RS11595	Rv2195
M7V54_RS11600	Rv2196
M7V54_RS11605	Rv2197c
M7V54_RS11610	Rv2198c
M7V54_RS11615	Rv2199c
M7V54_RS11620	Rv2200c
M7V54_RS11625	Rv2201
M7V54_RS11630	Rv2202c
M7V54_RS11635	Rv2203
M7V54_RS11640	Rv2204c
M7V54_RS11645	Rv2205c
M7V54_RS11650	Rv2206
M7V54_RS11655	Rv2207
M7V54_RS11660	Rv2208
M7V54_RS11665	Rv2209
M7V54_RS11670	Rv2210c
M7V54_RS11675	Rv2211c
M7V54_RS11680	Rv2212
M7V54_RS11685	Rv2213
M7V54_RS11690	Rv2214c
M7V54_RS11695	Rv2215
M7V54_RS11700	Rv2216
M7V54_RS11705	Rv2217
M7V54_RS11710	Rv2218
M7V54_RS11715	Rv2219
M7V54_RS11720	Rv2219A
M7V54_RS11725	Rv2220
M7V54_RS11730	Rv2221c
M7V54_RS11735	Rv2222c
M7V54_RS11740	Rv2223c
M7V54_RS11745	Rv2224c
M7V54_RS11750	Rv2224d
M7V54_RS11755	Rv2225
M7V54_RS11760	Rv2226
M7V54_RS11770	Rv2227
M7V54_RS11775	Rv2228c
M7V54_RS11780	Rv2229c
M7V54_RS11785	Rv2230c
M7V54_RS11790	Rv2231c
M7V54_RS11795	Rv2231A
M7V54_RS11800	Rv2231B
M7V54_RS11805	Rv2232
M7V54_RS11810	Rv2234
M7V54_RS11815	Rv2235
M7V54_RS11820	Rv2236c
M7V54_RS11830	Rv2237A
M7V54_RS11835	Rvnt23
M7V54_RS11840	Rv2238c
M7V54_RS11845	Rv2239c
M7V54_RS11850	Rv2240c
M7V54_RS11855	Rv2241
M7V54_RS11860	Rv2242
M7V54_RS11865	Rv2243
M7V54_RS11870	Rv2244
M7V54_RS11875	Rv2245
M7V54_RS11880	Rv2246
M7V54_RS11885	Rv2247
M7V54_RS11895	Rv2249c
M7V54_RS11900	Rv2250c
M7V54_RS11910	Rv2252
M7V54_RS11915	Rv2253
M7V54_RS11920	Rv2254c
M7V54_RS11925	Rv2256a
M7V54_RS11935	Rv2256c
M7V54_RS11940	Rv2257c
M7V54_RS11945	Rv2258c
M7V54_RS11950	Rv2259
M7V54_RS11955	Rv2260
M7V54_RS11960	Rv2261c
M7V54_RS11965	Rv2263
M7V54_RS11970	Rv2264c
M7V54_RS11975	Rv2265
M7V54_RS11980	Rv2266
M7V54_RS11985	Rv2267c
M7V54_RS11990	Rv2268c
M7V54_RS11995	Rv2269c
M7V54_RS12000	Rv2270
M7V54_RS12005	Rv2271
M7V54_RS12010	Rv2272
M7V54_RS12015	Rv2273
M7V54_RS12020	Rv2274c
M7V54_RS12025	Rv2274A
M7V54_RS12030	Rv2275
M7V54_RS12035	Rv2276
M7V54_RS12040	Rv2277c
M7V54_RS12050	Rv2280
M7V54_RS12055	Rv2281
M7V54_RS12060	Rv2282c
M7V54_RS12070	Rv2284
M7V54_RS12075	Rv2285
M7V54_RS12080	Rv2286c
M7V54_RS12085	Rv2287
M7V54_RS12090	Rv2288
M7V54_RS12095	Rv2289
M7V54_RS12100	Rv2290
M7V54_RS12105	Rv2291
M7V54_RS12110	Rv2292c
M7V54_RS12115	Rv2293c
M7V54_RS12120	Rv2294
M7V54_RS12125	Rv2295
M7V54_RS12130	Rv2296
M7V54_RS12135	Rv2297
M7V54_RS12140	Rv2298
M7V54_RS12145	Rv2299c
M7V54_RS12150	Rv2300c
M7V54_RS12155	Rv2301
M7V54_RS12160	Rv2302
M7V54_RS12165	Rv2303c
M7V54_RS12170	Rv2304c
M7V54_RS12175	Rv2305
M7V54_RS12180	Rv2306A
M7V54_RS12185	Rv2307c
M7V54_RS12195	Rv2307A
M7V54_RS12200	Rv2307B
M7V54_RS12205	Rv2307D
M7V54_RS12210	Rv2308
M7V54_RS12215	Rv2308a
M7V54_RS12220	Rvnt24
M7V54_RS12235	Rv2309A
M7V54_RS12240	Rv2310
M7V54_RS12250	Rv2312
M7V54_RS12255	Rv2313c
M7V54_RS12260	Rv2314c
M7V54_RS12265	Rv2315c
M7V54_RS12270	Rv2316
M7V54_RS12275	Rv2317
M7V54_RS12280	Rv2318
M7V54_RS12285	Rv2319c
M7V54_RS12290	Rv2320c
M7V54_RS12305	Rv2323c
M7V54_RS12310	Rv2324
M7V54_RS12315	Rv2325c
M7V54_RS12320	Rv2326c
M7V54_RS12325	Rv2327
M7V54_RS12330	Rv2328
M7V54_RS12335	Rv2329c
M7V54_RS12340	Rv2330c
M7V54_RS12345	Rv2331
M7V54_RS12350	Rv2331A
M7V54_RS12355	Rv2332
M7V54_RS12360	Rv2333c
M7V54_RS12365	Rv2334
M7V54_RS12370	Rv2335
M7V54_RS12375	Rv2336
M7V54_RS12380	Rv2337c
M7V54_RS12385	Rv2338c
M7V54_RS12390	Rv2339
M7V54_RS12400	Rv2340c
M7V54_RS12405	Rvnt25
M7V54_RS12410	Rv2341
M7V54_RS12415	Rv2342
M7V54_RS12420	Rv2343c
M7V54_RS12425	Rv2344c
M7V54_RS12430	Rv2345
M7V54_RS12435	Rv2346c
M7V54_RS12440	Rv2347c
M7V54_RS12445	Rv2348c
M7V54_RS12450	Rv2349c
M7V54_RS12455	Rv2350c
M7V54_RS12460	Rv2351c
M7V54_RS12470	Rv2352c
M7V54_RS12485	Rv2352c
M7V54_RS12490	Rv2353c
M7V54_RS12510	Rv2357c
M7V54_RS12515	Rv2358
M7V54_RS12520	Rv2359
M7V54_RS12525	Rv2360c
M7V54_RS12530	Rv2361c
M7V54_RS12535	Rv2362c
M7V54_RS12540	Rv2363
M7V54_RS12545	Rv2364c
M7V54_RS12550	Rv2365c
M7V54_RS12555	Rv2366c
M7V54_RS12560	Rv2367c
M7V54_RS12565	Rv2368c
M7V54_RS12570	Rv2369c
M7V54_RS12575	Rv2370c
M7V54_RS12580	Rv2371
M7V54_RS12585	Rv2372c
M7V54_RS12590	Rv2373c
M7V54_RS12595	Rv2374c
M7V54_RS12600	Rv2375
M7V54_RS12605	Rv2376c
M7V54_RS12610	Rv2377c
M7V54_RS12615	Rv2378c
M7V54_RS12620	Rv2379c
M7V54_RS12625	Rv2380c
M7V54_RS12630	Rv2381c
M7V54_RS12635	Rv2382c
M7V54_RS12640	Rv2383c
M7V54_RS12645	Rv2384
M7V54_RS12655	Rv2386c
M7V54_RS12660	Rv2386a
M7V54_RS12665	Rv2387
M7V54_RS12675	Rv2389c
M7V54_RS12680	Rv2390c
M7V54_RS12685	Rv2391
M7V54_RS12690	Rv2392
M7V54_RS12695	Rv2393
M7V54_RS12700	Rv2394
M7V54_RS12705	Rv2395
M7V54_RS12710	Rv2395A
M7V54_RS12715	Rv2395B
M7V54_RS12720	Rv2396
M7V54_RS12725	Rv2397c
M7V54_RS12730	Rv2398c
M7V54_RS12735	Rv2399c
M7V54_RS12740	Rv2400c
M7V54_RS12745	Rv2401
M7V54_RS12750	Rv2401A
M7V54_RS12760	Rv2403c
M7V54_RS12765	Rv2404c
M7V54_RS12775	Rv2406c
M7V54_RS12780	Rv2407
M7V54_RS12785	Rv2408
M7V54_RS12790	Rv2409c
M7V54_RS12795	Rv2410c
M7V54_RS12800	Rv2411c
M7V54_RS12805	Rv2412
M7V54_RS12810	Rv2413c
M7V54_RS12815	Rv2414c
M7V54_RS12820	Rv2415c
M7V54_RS12825	Rv2416c
M7V54_RS12830	Rv2417c
M7V54_RS12835	Rv2418c
M7V54_RS12840	Rv2419c
M7V54_RS12845	Rv2420c
M7V54_RS12850	Rv2421c
M7V54_RS12855	Rv2422
M7V54_RS12860	Rv2423
M7V54_RS12865	Rv2424c
M7V54_RS12870	Rv2425c
M7V54_RS12875	Rv2426c
M7V54_RS12880	Rv2427c
M7V54_RS12885	Rv2427A
M7V54_RS12895	Rv2428
M7V54_RS12900	Rv2429
M7V54_RS12905	Rv2430c
M7V54_RS12910	Rv2431c
M7V54_RS12915	Rv2432c
M7V54_RS12920	Rv2433c
M7V54_RS12925	Rv2434c
M7V54_RS12930	Rv2435c
M7V54_RS12935	Rv2436
M7V54_RS12940	Rv2437
M7V54_RS12945	Rv2438c
M7V54_RS12950	Rv2438A
M7V54_RS12955	Rv2439c
M7V54_RS12960	Rv2440c
M7V54_RS12965	Rv2441c
M7V54_RS12970	Rv2442c
M7V54_RS12975	Rv2443
M7V54_RS12980	Rv2444c
M7V54_RS12985	Rv2445c
M7V54_RS12990	Rv2446c
M7V54_RS12995	Rv2447c
M7V54_RS13000	Rv2448c
M7V54_RS13005	Rv2449c
M7V54_RS13010	Rv2450c
M7V54_RS13015	Rv2451
M7V54_RS13020	Rv2452c
M7V54_RS13025	Rv2453c
M7V54_RS13030	Rv2454c
M7V54_RS13035	Rv2455c
M7V54_RS13040	Rv2456c
M7V54_RS13045	Rv2457c
M7V54_RS13050	Rv2458
M7V54_RS13055	Rv2459
M7V54_RS13060	Rv2460c
M7V54_RS13065	Rv2461c
M7V54_RS13070	Rv2462c
M7V54_RS13080	Rvnt27
M7V54_RS13085	Rv2463
M7V54_RS13090	Rv2464c
M7V54_RS13095	Rv2465c
M7V54_RS13100	Rv2466c
M7V54_RS13105	Rv2467
M7V54_RS13110	Rv2468c
M7V54_RS13115	Rv2468A
M7V54_RS13120	Rv2469c
M7V54_RS13125	Rv2470
M7V54_RS13130	Rv2471
M7V54_RS13135	Rv2472
M7V54_RS13140	Rv2473
M7V54_RS13145	Rv2474c
M7V54_RS13150	Rv2475c
M7V54_RS13155	Rv2476c
M7V54_RS13160	Rv2477c
M7V54_RS13165	Rv2478c
M7V54_RS13175	Rv2481c
M7V54_RS13180	Rv2482c
M7V54_RS13185	Rv2483c
M7V54_RS13190	Rv2484c
M7V54_RS13195	Rv2485c
M7V54_RS13200	Rvnt28
M7V54_RS13205	Rv2486
M7V54_RS13210	Rv2487c
M7V54_RS13215	Rv2488c
M7V54_RS13220	Rv2489c
M7V54_RS13225	Rv2490c
M7V54_RS13230	Rv2490a
M7V54_RS13235	Rv2491
M7V54_RS13240	Rv2492
M7V54_RS13245	Rv2493
M7V54_RS13250	Rv2494
M7V54_RS13255	Rv2495c
M7V54_RS13260	Rv2496c
M7V54_RS13265	Rv2497c
M7V54_RS13270	Rv2498c
M7V54_RS13275	Rv2499c
M7V54_RS13280	Rv2500c
M7V54_RS13285	Rv2501c
M7V54_RS13290	Rv2502c
M7V54_RS13295	Rv2503c
M7V54_RS13300	Rv2504c
M7V54_RS13305	Rv2505c
M7V54_RS13310	Rv2506
M7V54_RS13315	Rv2507
M7V54_RS13320	Rv2508c
M7V54_RS13325	Rv2509
M7V54_RS13330	Rv2510c
M7V54_RS13335	Rv2511
M7V54_RS13345	Rv2512c
M7V54_RS13350	Rv2513
M7V54_RS13355	Rv2514c
M7V54_RS13360	Rv2515c
M7V54_RS13365	Rv2516c
M7V54_RS13370	Rv2517c
M7V54_RS13375	Rv2518c
M7V54_RS13380	Rvnt30
M7V54_RS13385	Rv2519
M7V54_RS13390	Rv2520c
M7V54_RS13395	Rv2521
M7V54_RS13400	Rv2522c
M7V54_RS13405	Rv2523c
M7V54_RS13410	Rv2524c
M7V54_RS13415	Rv2525c
M7V54_RS13420	Rv2526
M7V54_RS13425	Rv2527
M7V54_RS13430	Rv2528c
M7V54_RS13435	Rv2529
M7V54_RS13440	Rv2529
M7V54_RS13445	Rv2530c
M7V54_RS13450	Rv2530A
M7V54_RS13455	Rv2531c
M7V54_RS13460	Rv2532c
M7V54_RS13465	Rv2533c
M7V54_RS13470	Rv2534c
M7V54_RS13475	Rv2535c
M7V54_RS13480	Rv2536
M7V54_RS13485	Rv2537c
M7V54_RS13490	Rv2538c
M7V54_RS13495	Rv2539c
M7V54_RS13500	Rv2540c
M7V54_RS13505	Rv2541
M7V54_RS13510	Rv2542
M7V54_RS13515	Rv2543
M7V54_RS13520	Rv2544
M7V54_RS13525	Rv2545
M7V54_RS13530	Rv2546
M7V54_RS13535	Rv2547
M7V54_RS13540	Rv2548
M7V54_RS13545	Rv2548A
M7V54_RS13550	Rv2549c
M7V54_RS13555	Rv2550c
M7V54_RS13560	Rv2551c
M7V54_RS13565	Rv2552c
M7V54_RS13570	Rv2553c
M7V54_RS13575	Rv2554c
M7V54_RS13580	Rv2555c
M7V54_RS13585	Rv2556c
M7V54_RS13590	Rv2557
M7V54_RS13595	Rv2558
M7V54_RS13600	Rv2559c
M7V54_RS13605	Rv2560
M7V54_RS13610	Rv2561
M7V54_RS13615	Rv2563
M7V54_RS13620	Rv2564
M7V54_RS13625	Rv2565
M7V54_RS13630	Rv2566
M7V54_RS13635	Rv2567
M7V54_RS13640	Rv2568c
M7V54_RS13645	Rv2569c
M7V54_RS13650	Rv2570
M7V54_RS13655	Rv2571c
M7V54_RS13660	Rv2572c
M7V54_RS13670	Rv2574
M7V54_RS13675	Rv2575
M7V54_RS13680	Rv2576c
M7V54_RS13685	Rv2577
M7V54_RS13690	Rv2578c
M7V54_RS13695	Rv2579
M7V54_RS13700	Rv2580c
M7V54_RS13705	Rv2581c
M7V54_RS13710	Rv2582
M7V54_RS13715	Rv2583c
M7V54_RS13720	Rv2584c
M7V54_RS13725	Rv2585c
M7V54_RS13730	Rv2586c
M7V54_RS13735	Rv2587c
M7V54_RS13740	Rv2588c
M7V54_RS13745	Rv2589
M7V54_RS13750	Rv2590
M7V54_RS13755	Rv2591
M7V54_RS13760	Rv2592c
M7V54_RS13765	Rv2593c
M7V54_RS13770	Rv2594c
M7V54_RS13775	Rv2595
M7V54_RS13780	Rv2596
M7V54_RS13785	Rv2597
M7V54_RS13790	Rv2598
M7V54_RS13795	Rv2599
M7V54_RS13800	Rv2600
M7V54_RS13805	Rv2601
M7V54_RS13810	Rv2601A
M7V54_RS13815	Rv2602
M7V54_RS13820	Rv2603c
M7V54_RS13825	Rv2604c
M7V54_RS13830	Rv2605c
M7V54_RS13835	Rv2606c
M7V54_RS13840	Rv2607
M7V54_RS13845	Rv2608
M7V54_RS13850	Rv2609c
M7V54_RS13855	Rv2610c
M7V54_RS13860	Rv2611c
M7V54_RS13865	Rv2612c
M7V54_RS13870	Rv2613c
M7V54_RS13875	Rv2614c
M7V54_RS13880	Rv2614A
M7V54_RS13885	Rv2615c
M7V54_RS13890	Rv2616
M7V54_RS13895	Rv2617c
M7V54_RS13905	Rv2619c
M7V54_RS13910	Rv2620c
M7V54_RS13915	Rv2621c
M7V54_RS13920	Rv2622
M7V54_RS13925	Rv2623
M7V54_RS13930	Rv2624c
M7V54_RS13935	Rv2625c
M7V54_RS13940	Rv2626c
M7V54_RS13945	Rv2627c
M7V54_RS13950	Rv2628
M7V54_RS13955	Rv2629
M7V54_RS13960	Rv2630
M7V54_RS13970	Rv2632c
M7V54_RS13975	Rv2633c
M7V54_RS13985	Rv2634c
M7V54_RS13990	Rv2635
M7V54_RS13995	Rv2636
M7V54_RS14000	Rv2637
M7V54_RS14005	Rv2638
M7V54_RS14010	Rv2639c
M7V54_RS14015	Rv2640c
M7V54_RS14020	Rv2641
M7V54_RS14025	Rv2642
M7V54_RS14030	Rv2643
M7V54_RS14035	Rv2644c
M7V54_RS14045	Rvnt31
M7V54_RS14050	Rvnt32
M7V54_RS14065	Rv2645
M7V54_RS14070	Rv2646
M7V54_RS14075	Rv2647
M7V54_RS14085	Rv2650c
M7V54_RS14090	Rv2651c
M7V54_RS14095	Rv2652c
M7V54_RS14100	Rv2653c
M7V54_RS14105	Rv2654c
M7V54_RS14110	Rv2655c
M7V54_RS14115	Rv2656c
M7V54_RS14120	Rv2657c
M7V54_RS14125	Rv2658c
M7V54_RS14130	Rv2659c
M7V54_RS14135	Rv2660c
M7V54_RS14140	Rv2661c
M7V54_RS14145	Rv2662
M7V54_RS14150	Rv2663
M7V54_RS14155	Rv2664
M7V54_RS14160	Rv2665
M7V54_RS14165	Rv3115
M7V54_RS14170	Rv2667
M7V54_RS14175	Rv2668
M7V54_RS14180	Rv2669
M7V54_RS14185	Rv2670c
M7V54_RS14190	Rv2671
M7V54_RS14195	Rv2672
M7V54_RS14200	Rv2673
M7V54_RS14205	Rv2674
M7V54_RS14210	Rv2675c
M7V54_RS14215	Rv2676c
M7V54_RS14220	Rv2677c
M7V54_RS14225	Rv2678c
M7V54_RS14230	Rv2679
M7V54_RS14235	Rv2680
M7V54_RS14240	Rv2681
M7V54_RS14245	Rv2682c
M7V54_RS14250	Rv2683
M7V54_RS14255	Rv2684
M7V54_RS14260	Rv2685
M7V54_RS14265	Rv2686c
M7V54_RS14270	Rv2687c
M7V54_RS14275	Rv2688c
M7V54_RS14280	Rv2689c
M7V54_RS14285	Rv2690c
M7V54_RS14290	Rv2691
M7V54_RS14295	Rv2692
M7V54_RS14300	Rv2693c
M7V54_RS14305	Rv2694c
M7V54_RS14310	Rv2695
M7V54_RS14315	Rv2696c
M7V54_RS14320	Rv2697c
M7V54_RS14325	Rv2698
M7V54_RS14330	Rv2699c
M7V54_RS14335	Rv2700
M7V54_RS14340	Rv2701c
M7V54_RS14345	Rv2702
M7V54_RS14350	Rv2703
M7V54_RS14355	Rv2704
M7V54_RS14360	Rv2705c
M7V54_RS14365	Rv2706c
M7V54_RS14370	Rv2707
M7V54_RS14375	Rv2708c
M7V54_RS14380	Rv2709
M7V54_RS14385	Rv2710
M7V54_RS14390	Rv2711
M7V54_RS14395	Rv2712c
M7V54_RS14400	Rv2713
M7V54_RS14405	Rv2714
M7V54_RS14410	Rv2715
M7V54_RS14415	Rv2716
M7V54_RS14420	Rv2717c
M7V54_RS14425	Rv2718c
M7V54_RS14430	Rv2719c
M7V54_RS14435	Rv2720
M7V54_RS14440	Rv2721c
M7V54_RS14445	Rv2722
M7V54_RS14450	Rv2723
M7V54_RS14455	Rv2724c
M7V54_RS14460	Rv2725c
M7V54_RS14465	Rv2726c
M7V54_RS14470	Rv2727c
M7V54_RS14475	Rv2728c
M7V54_RS14480	Rv2729c
M7V54_RS14485	Rv2730
M7V54_RS14490	Rv2731
M7V54_RS14495	Rv2732c
M7V54_RS14500	Rv2733c
M7V54_RS14505	Rv2734
M7V54_RS14510	Rv2735c
M7V54_RS14515	Rv2736c
M7V54_RS14520	Rv2737c
M7V54_RS14530	Rv2738c
M7V54_RS14535	Rv2739c
M7V54_RS14540	Rv2740
M7V54_RS14545	Rv2741
M7V54_RS14550	Rv2742c
M7V54_RS14555	Rv2742c
M7V54_RS14565	Rv2743c
M7V54_RS14570	Rv2744c
M7V54_RS14575	Rv2745c
M7V54_RS14580	Rv2746c
M7V54_RS14585	Rv2747
M7V54_RS14590	Rv2748c
M7V54_RS14595	Rv2749
M7V54_RS14600	Rv2750
M7V54_RS14605	Rv2751
M7V54_RS14610	Rv2752c
M7V54_RS14615	Rv2753c
M7V54_RS14620	Rv2754c
M7V54_RS14635	Rv2756c
M7V54_RS14640	Rv2757c
M7V54_RS14645	Rv2758c
M7V54_RS14650	Rv2759c
M7V54_RS14655	Rv2760c
M7V54_RS14660	Rv2761c
M7V54_RS14665	Rv2762c
M7V54_RS14675	Rv2763c
M7V54_RS14680	Rv2764c
M7V54_RS14685	Rv2765
M7V54_RS14690	Rv2766c
M7V54_RS14695	Rv2767c
M7V54_RS14705	Rv2768c
M7V54_RS14710	Rv2769c
M7V54_RS14715	Rv2770c
M7V54_RS14720	Rv2771c
M7V54_RS14725	Rv2772c
M7V54_RS14730	Rv2773c
M7V54_RS14735	Rv2774c
M7V54_RS14750	Rv2777c
M7V54_RS14755	Rv2778c
M7V54_RS14760	Rv2779c
M7V54_RS14765	Rv2780
M7V54_RS14770	Rv2781c
M7V54_RS14775	Rv2782c
M7V54_RS14780	Rv2783c
M7V54_RS14785	Rv2784c
M7V54_RS14790	Rv2785c
M7V54_RS14795	Rv2786c
M7V54_RS14800	Rv2787
M7V54_RS14805	Rv2788
M7V54_RS14810	Rv2789c
M7V54_RS14815	Rv2790c
M7V54_RS14820	Rv2791c
M7V54_RS14825	Rv2792c
M7V54_RS14830	Rv2793c
M7V54_RS14835	Rv2794c
M7V54_RS14840	Rv2795c
M7V54_RS14845	Rv2796c
M7V54_RS14850	Rv2797c
M7V54_RS14855	Rv2798c
M7V54_RS14860	Rv2799
M7V54_RS14865	Rv2800
M7V54_RS14870	Rv2801c
M7V54_RS14875	Rv2801A
M7V54_RS14880	Rv2802c
M7V54_RS14885	Rv2803
M7V54_RS14890	Rv2804c
M7V54_RS14895	Rv2805
M7V54_RS14900	Rv2806
M7V54_RS14905	Rv2807
M7V54_RS14910	Rv2808
M7V54_RS14915	Rv2809
M7V54_RS14925	Rv2811
M7V54_RS14930	Rv2812
M7V54_RS14935	Rv2813
M7V54_RS14945	Rv2816c
M7V54_RS14950	Rv2817c
M7V54_RS14960	Rv2819c
M7V54_RS14965	Rv2820c
M7V54_RS14970	Rv2821c
M7V54_RS14975	Rv2822c
M7V54_RS14980	Rv2823c
M7V54_RS14985	Rv2824c
M7V54_RS14990	Rv2825c
M7V54_RS14995	Rv2826c
M7V54_RS15000	Rv2827c
M7V54_RS15005	Rv2828c
M7V54_RS15010	Rv2828A
M7V54_RS15015	Rv2829c
M7V54_RS15020	Rv2830c
M7V54_RS15025	Rv2831
M7V54_RS15030	Rv2832c
M7V54_RS15035	Rv2833c
M7V54_RS15040	Rv2834c
M7V54_RS15045	Rv2835c
M7V54_RS15050	Rv2836c
M7V54_RS15055	Rv2837c
M7V54_RS15060	Rv2838c
M7V54_RS15065	Rv2839c
M7V54_RS15075	Rv2841c
M7V54_RS15080	Rv2842c
M7V54_RS15085	Rv2843
M7V54_RS15090	Rv2844
M7V54_RS15095	Rv2845c
M7V54_RS15100	Rv2846c
M7V54_RS15105	Rv2847c
M7V54_RS15110	Rv2848c
M7V54_RS15115	Rv2849c
M7V54_RS15120	Rv2850c
M7V54_RS15125	Rv2851c
M7V54_RS15130	Rv2852c
M7V54_RS15135	Rv2853
M7V54_RS15140	Rv2854
M7V54_RS15145	Rv2855
M7V54_RS15150	Rv2856
M7V54_RS15165	Rv2857c
M7V54_RS15170	Rv2858c
M7V54_RS15175	Rv2859c
M7V54_RS15180	Rv2860c
M7V54_RS15185	Rv2861c
M7V54_RS15190	Rv2862c
M7V54_RS15195	Rv2862A
M7V54_RS15200	Rv2863
M7V54_RS15205	Rv2864c
M7V54_RS15210	Rv2865
M7V54_RS15215	Rv2866
M7V54_RS15220	Rv2867c
M7V54_RS15225	Rv2868c
M7V54_RS15230	Rv2869c
M7V54_RS15235	Rv2870c
M7V54_RS15240	Rv2871
M7V54_RS15245	Rv2872
M7V54_RS15250	Rv2873
M7V54_RS15260	Rv2874
M7V54_RS15265	Rv2875
M7V54_RS15270	Rv2876
M7V54_RS15275	Rv2877c
M7V54_RS15280	Rv2878c
M7V54_RS15290	Rv2881c
M7V54_RS15295	Rv2882c
M7V54_RS15300	Rv2883c
M7V54_RS15305	Rv2884
M7V54_RS15310	Rv2885c
M7V54_RS15315	Rv2886c
M7V54_RS15320	Rv2887
M7V54_RS15325	Rv2888c
M7V54_RS15330	Rv2889c
M7V54_RS15335	Rv2890c
M7V54_RS15340	Rv2891
M7V54_RS15345	Rv2892c
M7V54_RS15350	Rv2893
M7V54_RS15355	Rv2894c
M7V54_RS15360	Rv2895c
M7V54_RS15365	Rv2896c
M7V54_RS15370	Rv2897c
M7V54_RS15375	Rv2898c
M7V54_RS15380	Rv2899c
M7V54_RS15385	Rv2900c
M7V54_RS15390	Rv2901c
M7V54_RS15395	Rv2902c
M7V54_RS15400	Rv2903c
M7V54_RS15405	Rv2904c
M7V54_RS15410	Rv2905
M7V54_RS15415	Rv2906c
M7V54_RS15420	Rv2907c
M7V54_RS15425	Rv2908c
M7V54_RS15430	Rv2909c
M7V54_RS15435	Rv2910c
M7V54_RS15440	Rv2911
M7V54_RS15445	Rv2912c
M7V54_RS15450	Rv2913c
M7V54_RS15455	Rv2914c
M7V54_RS15460	Rv2915c
M7V54_RS15465	Rv2916c
M7V54_RS15470	Rv2917
M7V54_RS15475	Rv2918c
M7V54_RS15480	Rv2919c
M7V54_RS15485	Rv2920c
M7V54_RS15490	Rv2921c
M7V54_RS15495	Rv2922c
M7V54_RS15500	Rv2922A
M7V54_RS15505	Rv2923c
M7V54_RS15510	Rv2924c
M7V54_RS15515	Rv2925c
M7V54_RS15520	Rv2926c
M7V54_RS15525	Rv2927c
M7V54_RS15530	Rv2928
M7V54_RS15535	Rv2929
M7V54_RS15540	Rv2930
M7V54_RS15545	Rv2931
M7V54_RS15550	Rv2932
M7V54_RS15555	Rv2933
M7V54_RS15560	Rv2934
M7V54_RS15565	Rv2935
M7V54_RS15570	Rv2936
M7V54_RS15575	Rv2937
M7V54_RS15580	Rv2938
M7V54_RS15585	Rv2939
M7V54_RS15590	Rv2940c
M7V54_RS15595	Rv2941
M7V54_RS15600	Rv2942
M7V54_RS15605	Rv2943
M7V54_RS15615	Rv2945c
M7V54_RS15625	Rv2948c
M7V54_RS15630	Rv2949c
M7V54_RS15635	Rv2950c
M7V54_RS15640	Rv2951c
M7V54_RS15645	Rv2952
M7V54_RS15650	Rv2953
M7V54_RS15655	Rv2954c
M7V54_RS15660	Rv2955c
M7V54_RS15665	Rv2956
M7V54_RS15670	Rv2957
M7V54_RS15680	Rv2958c
M7V54_RS15685	Rv2959c
M7V54_RS15690	Rv2960c
M7V54_RS15700	Rv2962c
M7V54_RS15705	Rv2963
M7V54_RS15710	Rv2964
M7V54_RS15720	Rv2965c
M7V54_RS15725	Rv2966c
M7V54_RS15730	Rv2967c
M7V54_RS15735	Rv2968c
M7V54_RS15740	Rv2969c
M7V54_RS15745	Rv2970c
M7V54_RS15755	Rv2971
M7V54_RS15760	Rv2972c
M7V54_RS15765	Rv2973c
M7V54_RS15775	Rv2975a
M7V54_RS15780	Rv2976c
M7V54_RS15785	Rv2977c
M7V54_RS15790	Rv2978c
M7V54_RS15795	Rv2979c
M7V54_RS15800	Rv2980
M7V54_RS15805	Rv2981c
M7V54_RS15810	Rv2982c
M7V54_RS15815	Rv2983
M7V54_RS15820	Rv2984
M7V54_RS15825	Rv2985
M7V54_RS15830	Rv2986c
M7V54_RS15835	Rv2987c
M7V54_RS15840	Rv2988c
M7V54_RS15845	Rv2989
M7V54_RS15850	Rv2990c
M7V54_RS15855	Rv2991
M7V54_RS15860	Rvnt35
M7V54_RS15865	Rvnt36
M7V54_RS15870	Rv2992c
M7V54_RS15880	Rv2994
M7V54_RS15885	Rv2995c
M7V54_RS15890	Rv2996c
M7V54_RS15895	Rv2997
M7V54_RS15905	Rv2998
M7V54_RS15915	Rv2999
M7V54_RS15920	Rv3000
M7V54_RS15925	Rv3001c
M7V54_RS15930	Rv3002c
M7V54_RS15935	Rv3003c
M7V54_RS15945	Rv3005c
M7V54_RS15950	Rv3006
M7V54_RS15955	Rv3007c
M7V54_RS15960	Rv3008
M7V54_RS15965	Rv3009c
M7V54_RS15970	Rv3010c
M7V54_RS15975	Rv3011c
M7V54_RS15980	Rv3012c
M7V54_RS15985	Rv3013
M7V54_RS15990	Rv3014c
M7V54_RS15995	Rv3015c
M7V54_RS16000	Rv3016
M7V54_RS16005	Rv3017c
M7V54_RS16010	Rv3018c
M7V54_RS16015	Rv3022A
M7V54_RS16025	Rv3019c
M7V54_RS16030	Rv3020c
M7V54_RS16040	Rv3022A
M7V54_RS16045	Rv3115
M7V54_RS16050	Rv3024c
M7V54_RS16055	Rv3025c
M7V54_RS16060	Rv3026c
M7V54_RS16065	Rv3027c
M7V54_RS16070	Rv3028c
M7V54_RS16075	Rv3029c
M7V54_RS16080	Rv3030
M7V54_RS16085	Rv3031
M7V54_RS16090	Rv3032
M7V54_RS16095	Rv3032A
M7V54_RS16100	Rv3033
M7V54_RS16105	Rv3034c
M7V54_RS16115	Rv3036c
M7V54_RS16125	Rv3038c
M7V54_RS16130	Rv3039c
M7V54_RS16135	Rv3040c
M7V54_RS16140	Rv3041c
M7V54_RS16145	Rv3042c
M7V54_RS16150	Rv3043c
M7V54_RS16155	Rv3044
M7V54_RS16160	Rv3045
M7V54_RS16165	Rv3046c
M7V54_RS16170	Rv3047c
M7V54_RS16175	Rv3048c
M7V54_RS16180	Rv3049c
M7V54_RS16185	Rv3050c
M7V54_RS16195	Rv3052c
M7V54_RS16200	Rv3053c
M7V54_RS16205	Rv3054c
M7V54_RS16210	Rv3055
M7V54_RS16215	Rv3056
M7V54_RS16220	Rv3057c
M7V54_RS16225	Rv3058c
M7V54_RS16230	Rv3059
M7V54_RS16235	Rv3060c
M7V54_RS16240	Rv3061c
M7V54_RS16245	Rv3062
M7V54_RS16250	Rv3063
M7V54_RS16255	Rv3064c
M7V54_RS16260	Rv3065
M7V54_RS16265	Rv3066
M7V54_RS16275	Rvnt37
M7V54_RS16280	Rv3068c
M7V54_RS16285	Rv3069
M7V54_RS16290	Rv3070
M7V54_RS16295	Rv3071
M7V54_RS16310	Rv3073c
M7V54_RS16315	Rv3074
M7V54_RS16320	Rv3075c
M7V54_RS16325	Rv3076
M7V54_RS16330	Rv3077
M7V54_RS16335	Rv3078
M7V54_RS16340	Rv3079c
M7V54_RS16345	Rv3080c
M7V54_RS16350	Rv3081
M7V54_RS16355	Rv3082c
M7V54_RS16360	Rv3083
M7V54_RS16365	Rv3084
M7V54_RS16370	Rv3085
M7V54_RS16375	Rv3086
M7V54_RS16380	Rv3087
M7V54_RS16385	Rv3088
M7V54_RS16390	Rv3089
M7V54_RS16395	Rv3090
M7V54_RS16400	Rv3091
M7V54_RS16405	Rv3092c
M7V54_RS16410	Rv3093c
M7V54_RS16415	Rv3094c
M7V54_RS16420	Rv3095
M7V54_RS16425	Rv3096
M7V54_RS16430	Rv3097c
M7V54_RS16435	Rv3098c
M7V54_RS16440	Rv3098A
M7V54_RS16445	RVnc0046
M7V54_RS16450	Rv3099c
M7V54_RS16455	Rv3100c
M7V54_RS16460	Rv3101c
M7V54_RS16465	Rv3102c
M7V54_RS16470	Rv3103c
M7V54_RS16475	Rv3104c
M7V54_RS16480	Rv3105c
M7V54_RS16485	Rv3106
M7V54_RS16490	Rv3107c
M7V54_RS16500	Rv3109
M7V54_RS16505	Rv3110
M7V54_RS16510	Rv3111
M7V54_RS16515	Rv3112
M7V54_RS16520	Rv3113
M7V54_RS16525	Rv3114
M7V54_RS16530	Rv3115
M7V54_RS16535	Rv3116
M7V54_RS16540	Rv3117
M7V54_RS16545	Rv3118
M7V54_RS16550	Rv3119
M7V54_RS16555	Rv3120
M7V54_RS16560	Rv3121
M7V54_RS16570	Rv3122
M7V54_RS16575	Rv3123
M7V54_RS16580	Rv3124
M7V54_RS16585	Rv3125c
M7V54_RS16590	Rv3127
M7V54_RS16595	Rv3128c
M7V54_RS16600	Rv3128c
M7V54_RS16605	Rv3129
M7V54_RS16610	Rv3130c
M7V54_RS16615	Rv3131
M7V54_RS16620	Rv3132c
M7V54_RS16625	Rv3133c
M7V54_RS16630	Rv3134c
M7V54_RS16635	Rv3135
M7V54_RS16640	Rv3136
M7V54_RS16645	Rv3136A
M7V54_RS16650	Rv3137
M7V54_RS16655	Rv3138
M7V54_RS16660	Rv3139
M7V54_RS16665	Rv3140
M7V54_RS16670	Rv3141
M7V54_RS16675	Rv3142c
M7V54_RS16680	Rv3143
M7V54_RS16685	Rv3144c
M7V54_RS16690	Rv3145
M7V54_RS16695	Rv3146
M7V54_RS16700	Rv3147
M7V54_RS16705	Rv3148
M7V54_RS16710	Rv3149
M7V54_RS16715	Rv3150
M7V54_RS16720	Rv3151
M7V54_RS16725	Rv3152
M7V54_RS16730	Rv3153
M7V54_RS16735	Rv3154
M7V54_RS16740	Rv3155
M7V54_RS16745	Rv3156
M7V54_RS16750	Rv3157
M7V54_RS16755	Rv3158
M7V54_RS16760	Rv3159c
M7V54_RS16765	Rv3160c
M7V54_RS16770	Rv3161c
M7V54_RS16775	Rv3162c
M7V54_RS16780	Rv3163c
M7V54_RS16785	Rv3164c
M7V54_RS16790	Rv3165c
M7V54_RS16795	Rv3166c
M7V54_RS16800	Rv3167c
M7V54_RS16805	Rv3168
M7V54_RS16810	Rv3169
M7V54_RS16815	Rv3170
M7V54_RS16825	Rv3172c
M7V54_RS16830	Rv3173c
M7V54_RS16835	Rv3174
M7V54_RS16840	Rv3175
M7V54_RS16845	Rv3176c
M7V54_RS16850	Rv3177
M7V54_RS16865	Rv3178a
M7V54_RS16870	Rv3179
M7V54_RS16875	Rv3180c
M7V54_RS16880	Rv3181c
M7V54_RS16885	Rv3182
M7V54_RS16890	Rv3183
M7V54_RS16905	Rv3188
M7V54_RS16910	Rv3189
M7V54_RS16915	Rv3190c
M7V54_RS16920	Rv3190A
M7V54_RS16930	Rv3191c
M7V54_RS16945	Rv3192
M7V54_RS16950	Rv3193c
M7V54_RS16955	Rv3194c
M7V54_RS16960	Rv3195
M7V54_RS16965	Rv3196
M7V54_RS16970	Rv3196A
M7V54_RS16975	Rv3197
M7V54_RS16980	Rv3197A
M7V54_RS16985	Rv3198c
M7V54_RS16990	Rv3198A
M7V54_RS16995	Rv3199c
M7V54_RS17000	Rv3200c
M7V54_RS17005	Rv3201c
M7V54_RS17010	Rv3202c
M7V54_RS17015	Rv3202a
M7V54_RS17025	Rv3204
M7V54_RS17030	Rv3205c
M7V54_RS17035	Rv3206c
M7V54_RS17045	Rv3208
M7V54_RS17050	Rv3208A
M7V54_RS17055	Rv3209
M7V54_RS17060	Rv3210c
M7V54_RS17065	Rv3211
M7V54_RS17070	Rv3212
M7V54_RS17075	Rv3213c
M7V54_RS17080	Rv3214
M7V54_RS17085	Rv3215
M7V54_RS17090	Rv3216
M7V54_RS17095	Rv3217c
M7V54_RS17100	Rv3218
M7V54_RS17105	Rv3219
M7V54_RS17110	Rv3220c
M7V54_RS17115	Rv3221c
M7V54_RS17120	Rv3221A
M7V54_RS17125	Rv3222c
M7V54_RS17130	Rv3223c
M7V54_RS17135	Rv3224
M7V54_RS17145	Rv3225c
M7V54_RS17150	Rv3226c
M7V54_RS17155	Rv3227
M7V54_RS17160	Rv3228
M7V54_RS17165	Rv3229c
M7V54_RS17170	Rv3230c
M7V54_RS17175	Rv3231c
M7V54_RS17180	Rv3232c
M7V54_RS17190	Rv3235
M7V54_RS17195	Rv3236c
M7V54_RS17200	Rv3237c
M7V54_RS17205	Rv3238c
M7V54_RS17210	Rv3239c
M7V54_RS17215	Rv3240c
M7V54_RS17220	Rv3241c
M7V54_RS17225	Rv3242c
M7V54_RS17230	Rv3243c
M7V54_RS17235	Rv3244c
M7V54_RS17240	Rv3245c
M7V54_RS17245	Rv3246c
M7V54_RS17250	Rv3247c
M7V54_RS17255	Rv3248c
M7V54_RS17260	Rv3249c
M7V54_RS17265	Rv3250c
M7V54_RS17270	Rv3251c
M7V54_RS17275	Rv3252c
M7V54_RS17280	Rv3253c
M7V54_RS17285	Rv3254
M7V54_RS17290	Rv3255c
M7V54_RS17295	Rv3256c
M7V54_RS17300	Rv3257c
M7V54_RS17305	Rv3258c
M7V54_RS17310	Rv3259
M7V54_RS17320	Rv3261
M7V54_RS17325	Rv3262
M7V54_RS17330	Rv3263
M7V54_RS17335	Rv3264c
M7V54_RS17340	Rv3265c
M7V54_RS17345	Rv3266c
M7V54_RS17350	Rv3267
M7V54_RS17360	Rv3269
M7V54_RS17365	Rv3270
M7V54_RS17370	Rv3271c
M7V54_RS17375	Rv3272
M7V54_RS17380	Rv3273
M7V54_RS17385	Rv3274c
M7V54_RS17390	Rv3275c
M7V54_RS17395	Rv3276c
M7V54_RS17400	Rv3277
M7V54_RS17405	Rv3278c
M7V54_RS17410	Rv3279c
M7V54_RS17415	Rv3280
M7V54_RS17420	Rv3281
M7V54_RS17425	Rv3282
M7V54_RS17430	Rv3283
M7V54_RS17435	Rv3284
M7V54_RS17440	Rv3285
M7V54_RS17445	Rv3286c
M7V54_RS17450	Rv3287c
M7V54_RS17455	Rv3288c
M7V54_RS17460	Rv3289c
M7V54_RS17465	Rv3290c
M7V54_RS17470	Rv3291c
M7V54_RS17475	Rv3292
M7V54_RS17480	Rv3293
M7V54_RS17485	Rv3294c
M7V54_RS17490	Rv3295
M7V54_RS17495	Rv3296
M7V54_RS17500	Rv3297
M7V54_RS17505	Rv3298c
M7V54_RS17510	Rv3299c
M7V54_RS17515	Rv3300c
M7V54_RS17520	Rv3301c
M7V54_RS17525	Rv3302c
M7V54_RS17530	Rv3303c
M7V54_RS17535	Rv3304
M7V54_RS17540	Rv3305c
M7V54_RS17545	Rv3306c
M7V54_RS17550	Rv3307
M7V54_RS17555	Rv3308
M7V54_RS17560	Rv3309c
M7V54_RS17565	Rv3310
M7V54_RS17570	Rv3311
M7V54_RS17575	Rv3312c
M7V54_RS17580	Rv3312b
M7V54_RS17585	Rv3312A
M7V54_RS17590	Rv3313c
M7V54_RS17595	Rv3314c
M7V54_RS17600	Rv3315c
M7V54_RS17605	Rv3316
M7V54_RS17610	Rv3317
M7V54_RS17615	Rv3318
M7V54_RS17620	Rv3319
M7V54_RS17625	Rv3320c
M7V54_RS17630	Rv3321c
M7V54_RS17635	Rv3322c
M7V54_RS17640	Rv3323c
M7V54_RS17645	Rv3324c
M7V54_RS17650	Rv3324A
M7V54_RS17660	Rv3327
M7V54_RS17665	Rv3328c
M7V54_RS17675	Rv3330
M7V54_RS17680	Rv3331
M7V54_RS17685	Rv3332
M7V54_RS17690	Rv3333c
M7V54_RS17695	Rv3334
M7V54_RS17700	Rv3335c
M7V54_RS17705	Rv3336c
M7V54_RS17710	Rv3337
M7V54_RS17715	Rv3339c
M7V54_RS17720	Rv3340
M7V54_RS17725	Rv3341
M7V54_RS17730	Rv3342
M7V54_RS17740	Rv3344c
M7V54_RS17745	Rv3345c
M7V54_RS17750	Rv3346c
M7V54_RS17755	Rv3347c
M7V54_RS17760	Rv3844
M7V54_RS17765	Rv3845
M7V54_RS17770	Rv3349c
M7V54_RS17780	Rv3350c
M7V54_RS17785	Rv3351c
M7V54_RS17800	Rv3353c
M7V54_RS17805	Rv3354
M7V54_RS17810	Rv3355c
M7V54_RS17815	Rv3356c
M7V54_RS17820	Rv3357
M7V54_RS17825	Rv3358
M7V54_RS17830	Rv3359
M7V54_RS17835	Rv3360
M7V54_RS17840	Rv3361c
M7V54_RS17845	Rv3362c
M7V54_RS17850	Rv3363c
M7V54_RS17855	Rv3364c
M7V54_RS17860	Rv3365c
M7V54_RS17865	Rv3366
M7V54_RS17870	Rv3367
M7V54_RS17875	Rv3368c
M7V54_RS17880	Rv3369
M7V54_RS17885	Rv3370c
M7V54_RS17890	Rv3371
M7V54_RS17895	Rv3372
M7V54_RS17905	Rv3373
M7V54_RS17910	Rv3374
M7V54_RS17915	Rv3375
M7V54_RS17920	Rv3376
M7V54_RS17925	Rv3377c
M7V54_RS17930	Rv3378c
M7V54_RS17950	Rv3382c
M7V54_RS17955	Rv3383c
M7V54_RS17960	Rv3384c
M7V54_RS17965	Rv3385c
M7V54_RS17975	Rv3388
M7V54_RS17980	Rv3389c
M7V54_RS17985	Rv3390
M7V54_RS17990	Rv3391
M7V54_RS17995	Rv3392c
M7V54_RS18000	Rv3393
M7V54_RS18005	Rv3394c
M7V54_RS18010	Rv3395c
M7V54_RS18020	Rv3396c
M7V54_RS18025	Rv3397c
M7V54_RS18030	Rv3398c
M7V54_RS18035	Rv3399
M7V54_RS18040	Rv3400
M7V54_RS18045	Rv3401
M7V54_RS18055	Rv3402c
M7V54_RS18060	Rv3403c
M7V54_RS18065	Rv3404c
M7V54_RS18070	Rv3405c
M7V54_RS18075	Rv3406
M7V54_RS18080	Rv3407
M7V54_RS18085	Rv3408
M7V54_RS18090	Rv3409c
M7V54_RS18095	Rv3410c
M7V54_RS18100	Rv3411c
M7V54_RS18105	Rv3412
M7V54_RS18110	Rv3413c
M7V54_RS18115	Rv3414c
M7V54_RS18120	Rv3415c
M7V54_RS18125	Rv3416
M7V54_RS18130	Rv3417c
M7V54_RS18135	Rv3418c
M7V54_RS18140	Rv3419c
M7V54_RS18145	Rv3420c
M7V54_RS18150	Rv3421c
M7V54_RS18155	Rv3422c
M7V54_RS18160	Rv3423c
M7V54_RS18170	Rv3424c
M7V54_RS18175	Rv3425
M7V54_RS18180	Rv3426
M7V54_RS18185	Rv3427c
M7V54_RS18200	Rv3429
M7V54_RS18205	Rv3430c
M7V54_RS18210	Rv3430a
M7V54_RS18225	Rv3432c
M7V54_RS18230	Rv3433c
M7V54_RS18235	Rv3434c
M7V54_RS18240	Rv3435c
M7V54_RS18245	Rv3436c
M7V54_RS18250	Rv3437
M7V54_RS18255	Rv3438
M7V54_RS18260	Rv3439c
M7V54_RS18265	Rv3440c
M7V54_RS18270	Rv3441c
M7V54_RS18275	Rv3442c
M7V54_RS18280	Rv3443c
M7V54_RS18285	Rv3444c
M7V54_RS18290	Rv3445c
M7V54_RS18295	Rv3446c
M7V54_RS18300	Rv3447c
M7V54_RS18305	Rv3448
M7V54_RS18310	Rv3449
M7V54_RS18315	Rv3450c
M7V54_RS18320	Rv3451
M7V54_RS18325	Rv3452
M7V54_RS18330	Rv3453
M7V54_RS18340	Rv3456c
M7V54_RS18345	Rv3457c
M7V54_RS18350	Rv3458c
M7V54_RS18355	Rv3459c
M7V54_RS18360	Rv3460c
M7V54_RS18365	Rv3461c
M7V54_RS18370	Rv3462c
M7V54_RS18375	Rv3463
M7V54_RS18380	Rv3464
M7V54_RS18385	Rv3465
M7V54_RS18395	Rv3468c
M7V54_RS18400	Rv3469c
M7V54_RS18405	Rv3470c
M7V54_RS18410	Rv3471c
M7V54_RS18415	Rv3472
M7V54_RS18430	Rv3476c
M7V54_RS18435	Rv3477
M7V54_RS18440	Rv3478
M7V54_RS18450	Rv3480c
M7V54_RS18455	Rv3481c
M7V54_RS18460	Rv3482c
M7V54_RS18465	Rv3483c
M7V54_RS18470	Rv3484
M7V54_RS18475	Rv3485c
M7V54_RS18480	Rv3486
M7V54_RS18490	Rv3488
M7V54_RS18495	Rv3489
M7V54_RS18500	Rv3490
M7V54_RS18505	Rv3491
M7V54_RS18510	Rv3492c
M7V54_RS18515	Rv3493c
M7V54_RS18520	Rv3494c
M7V54_RS18525	Rv3495c
M7V54_RS18530	Rv3496c
M7V54_RS18535	Rv3497c
M7V54_RS18540	Rv3498c
M7V54_RS18545	Rv3499c
M7V54_RS18550	Rv3500c
M7V54_RS18555	Rv3501c
M7V54_RS18560	Rv3502c
M7V54_RS18565	Rv3503c
M7V54_RS18570	Rv3504
M7V54_RS18575	Rv3505
M7V54_RS18580	Rv3506
M7V54_RS18585	Rv3507
M7V54_RS18595	Rv3509c
M7V54_RS18600	Rv3510c
M7V54_RS18605	Rv3511
M7V54_RS18625	Rv3513c
M7V54_RS18635	Rv3515c
M7V54_RS18640	Rv3516
M7V54_RS18645	Rv3517
M7V54_RS18650	Rv3518c
M7V54_RS18655	Rv3519
M7V54_RS18660	Rv3520c
M7V54_RS18670	Rv3522
M7V54_RS18675	Rv3523
M7V54_RS18680	Rv3524
M7V54_RS18685	Rv3525c
M7V54_RS18690	Rv3526
M7V54_RS18695	Rv3527
M7V54_RS18700	Rv3528c
M7V54_RS18710	Rv3529c
M7V54_RS18715	Rv3530c
M7V54_RS18720	Rv3531c
M7V54_RS18725	Rv3532
M7V54_RS18730	Rv3533c
M7V54_RS18735	Rv3534c
M7V54_RS18740	Rv3535c
M7V54_RS18745	Rv3536c
M7V54_RS18750	Rv3537
M7V54_RS18755	Rv3538
M7V54_RS18760	Rv3539
M7V54_RS18765	Rv3540c
M7V54_RS18770	Rv3541c
M7V54_RS18775	Rv3542c
M7V54_RS18780	Rv3543c
M7V54_RS18785	Rv3544c
M7V54_RS18790	Rv3545c
M7V54_RS18795	Rv3546
M7V54_RS18800	Rv3547
M7V54_RS18805	Rv3548c
M7V54_RS18810	Rv3549c
M7V54_RS18815	Rv3550
M7V54_RS18820	Rv3551
M7V54_RS18825	Rv3552
M7V54_RS18830	Rv3553
M7V54_RS18835	Rv3554
M7V54_RS18840	Rv3555c
M7V54_RS18845	Rv3556c
M7V54_RS18850	Rv3557c
M7V54_RS18855	Rv3558
M7V54_RS18860	Rv3559c
M7V54_RS18865	Rv3560c
M7V54_RS18870	Rv3561
M7V54_RS18875	Rv3562
M7V54_RS18880	Rv3563
M7V54_RS18885	Rv3564
M7V54_RS18890	Rv3565
M7V54_RS18895	Rv3566c
M7V54_RS18900	Rv3566A
M7V54_RS18910	Rv3567c
M7V54_RS18915	Rv3568c
M7V54_RS18920	Rv3569c
M7V54_RS18925	Rv3570c
M7V54_RS18930	Rv3571
M7V54_RS18935	Rv3572
M7V54_RS18940	Rv3573c
M7V54_RS18945	Rv3574
M7V54_RS18950	Rv3575c
M7V54_RS18955	Rv3576
M7V54_RS18965	Rv3578
M7V54_RS18970	Rv3579c
M7V54_RS18975	Rv3580c
M7V54_RS18980	Rv3581c
M7V54_RS18985	Rv3582c
M7V54_RS18990	Rv3583c
M7V54_RS18995	Rv3584
M7V54_RS19000	Rv3585
M7V54_RS19005	Rv3586
M7V54_RS19010	Rv3587c
M7V54_RS19015	Rv3588c
M7V54_RS19020	Rv3589
M7V54_RS19025	Rv3590c
M7V54_RS19030	Rv3591c
M7V54_RS19035	Rv3592
M7V54_RS19040	Rv3593
M7V54_RS19045	Rv3594
M7V54_RS19050	Rv3595c
M7V54_RS19055	Rv3596c
M7V54_RS19060	Rv3597c
M7V54_RS19065	Rv3598c
M7V54_RS19070	Rv3600c
M7V54_RS19075	Rv3601c
M7V54_RS19080	Rv3602c
M7V54_RS19085	Rv3603c
M7V54_RS19090	Rv3604c
M7V54_RS19095	Rv3605c
M7V54_RS19100	Rv3606c
M7V54_RS19105	Rv3607c
M7V54_RS19110	Rv3608c
M7V54_RS19115	Rv3609c
M7V54_RS19120	Rv3610c
M7V54_RS19130	Rv3613c
M7V54_RS19135	Rv3614c
M7V54_RS19140	Rv3615c
M7V54_RS19145	Rv3616c
M7V54_RS19150	Rv3617
M7V54_RS19155	Rv3618
M7V54_RS19160	Rv3619c
M7V54_RS19165	Rv3620c
M7V54_RS19170	Rv3621c
M7V54_RS19175	Rv3622c
M7V54_RS19180	Rv3623
M7V54_RS19185	Rv3624c
M7V54_RS19190	Rv3625c
M7V54_RS19195	Rv3626c
M7V54_RS19200	Rv3627c
M7V54_RS19205	Rv3628
M7V54_RS19210	Rv3629c
M7V54_RS19215	Rv3630
M7V54_RS19220	Rv3631
M7V54_RS19225	Rv3632
M7V54_RS19230	Rv3633
M7V54_RS19235	Rv3634c
M7V54_RS19240	Rv3635
M7V54_RS19245	Rv3636
M7V54_RS19250	Rv3638
M7V54_RS19255	Rv3640c
M7V54_RS19260	Rv3641c
M7V54_RS19265	Rv3642c
M7V54_RS19275	Rv3643
M7V54_RS19285	Rv3644c
M7V54_RS19290	Rv3645
M7V54_RS19295	Rv3646c
M7V54_RS19300	Rv3647c
M7V54_RS19305	Rv3648c
M7V54_RS19310	Rv3649
M7V54_RS19315	Rv3650
M7V54_RS19320	Rv3651
M7V54_RS19330	Rv3652
M7V54_RS19335	Rv3653
M7V54_RS19340	Rv3654c
M7V54_RS19345	Rv3655c
M7V54_RS19350	Rv3656c
M7V54_RS19360	Rv3658c
M7V54_RS19370	Rv3660c
M7V54_RS19375	Rv3661
M7V54_RS19380	Rv3662c
M7V54_RS19385	Rv3663c
M7V54_RS19395	Rv3665c
M7V54_RS19400	Rv3666c
M7V54_RS19410	Rv3667
M7V54_RS19415	Rv3668c
M7V54_RS19420	Rv3669
M7V54_RS19425	Rv3670
M7V54_RS19430	Rv3671c
M7V54_RS19435	Rv3672c
M7V54_RS19440	Rv3673c
M7V54_RS19445	Rv3674c
M7V54_RS19450	Rv3675
M7V54_RS19455	Rv3676
M7V54_RS19460	Rv3677c
M7V54_RS19465	Rv3678c
M7V54_RS19470	Rv3678A
M7V54_RS19475	Rv3679
M7V54_RS19480	Rv3680
M7V54_RS19485	Rv3681c
M7V54_RS19490	Rv3682
M7V54_RS19495	Rv3683
M7V54_RS19505	Rvnt40
M7V54_RS19510	Rv3685c
M7V54_RS19515	Rv3686c
M7V54_RS19520	Rv3687c
M7V54_RS19525	Rv3688c
M7V54_RS19530	Rv3689
M7V54_RS19535	Rv3690
M7V54_RS19545	Rv3692
M7V54_RS19550	Rv3693
M7V54_RS19555	Rv3694c
M7V54_RS19560	Rv3695
M7V54_RS19565	Rv3696c
M7V54_RS19570	Rv3697c
M7V54_RS19575	Rv3697A
M7V54_RS19580	Rv3698
M7V54_RS19585	Rv3699
M7V54_RS19590	Rv3700c
M7V54_RS19595	Rv3701c
M7V54_RS19600	Rv3702c
M7V54_RS19605	Rv3703c
M7V54_RS19610	Rv3704c
M7V54_RS19615	Rv3705c
M7V54_RS19620	Rv3705A
M7V54_RS19625	Rv3706c
M7V54_RS19635	Rv3708c
M7V54_RS19640	Rv3709c
M7V54_RS19645	Rv3710
M7V54_RS19650	Rv3711c
M7V54_RS19655	Rv3712
M7V54_RS19660	Rv3713
M7V54_RS19665	Rv3714c
M7V54_RS19670	Rv3715c
M7V54_RS19675	Rv3716c
M7V54_RS19685	Rv3718c
M7V54_RS19690	Rv3719
M7V54_RS19695	Rv3720
M7V54_RS19700	Rv3721c
M7V54_RS19705	Rv3722c
M7V54_RS19710	RVnc0006
M7V54_RS19715	Rvnt41
M7V54_RS19720	Rv3723
M7V54_RS19735	Rv3726
M7V54_RS19740	Rv3727
M7V54_RS19745	Rv3728
M7V54_RS19750	Rv3729
M7V54_RS19755	Rv3730c
M7V54_RS19760	Rv3731
M7V54_RS19765	Rv3732
M7V54_RS19770	Rv3733c
M7V54_RS19775	Rv3734c
M7V54_RS19780	Rv3735
M7V54_RS19785	Rv3736
M7V54_RS19790	Rv3737
M7V54_RS19800	Rv3740c
M7V54_RS19810	Rv3743c
M7V54_RS19815	Rv3744
M7V54_RS19820	Rv3745c
M7V54_RS19825	Rv3746c
M7V54_RS19830	Rv3747
M7V54_RS19835	Rv3748
M7V54_RS19840	Rv3749c
M7V54_RS19845	Rv3750c
M7V54_RS19855	Rvnt42
M7V54_RS19860	Rv3752c
M7V54_RS19875	Rv3755c
M7V54_RS19880	Rv3756c
M7V54_RS19885	Rv3757c
M7V54_RS19890	Rv3758c
M7V54_RS19895	Rv3759c
M7V54_RS19905	Rv3761c
M7V54_RS19910	Rv3762c
M7V54_RS19915	Rv3763
M7V54_RS19925	Rv3765c
M7V54_RS19935	Rv3767c
M7V54_RS19940	Rv3768
M7V54_RS19945	Rv3769
M7V54_RS19950	Rv3770c
M7V54_RS19960	Rv3771c
M7V54_RS19965	Rvnt43
M7V54_RS19970	Rvnt44
M7V54_RS19975	Rv3772
M7V54_RS19980	Rv3773c
M7V54_RS19985	Rv3774
M7V54_RS19990	Rv3775
M7V54_RS19995	Rv3776
M7V54_RS20000	Rvnt45
M7V54_RS20005	Rv3777
M7V54_RS20010	Rv3778c
M7V54_RS20015	Rv3779
M7V54_RS20020	Rv3780
M7V54_RS20025	Rv3781
M7V54_RS20030	Rv3782
M7V54_RS20035	Rv3783
M7V54_RS20040	Rv3784
M7V54_RS20045	Rv3785
M7V54_RS20050	Rv3786c
M7V54_RS20055	Rv3787c
M7V54_RS20060	Rv3788
M7V54_RS20065	Rv3789
M7V54_RS20070	Rv3790
M7V54_RS20075	Rv3791
M7V54_RS20080	Rv3792
M7V54_RS20085	Rv3793
M7V54_RS20090	Rv3794
M7V54_RS20095	Rv3795
M7V54_RS20100	Rv3796
M7V54_RS20105	Rv3797
M7V54_RS20110	Rv3798
M7V54_RS20115	Rv3799c
M7V54_RS20120	Rv3800c
M7V54_RS20125	Rv3801c
M7V54_RS20130	Rv3802c
M7V54_RS20135	Rv3803c
M7V54_RS20140	Rv3804c
M7V54_RS20150	Rv3806c
M7V54_RS20160	Rv3808c
M7V54_RS20165	Rv3809c
M7V54_RS20170	Rv3810
M7V54_RS20175	Rv3811
M7V54_RS20180	Rv3812
M7V54_RS20190	Rv3813c
M7V54_RS20195	Rv3814c
M7V54_RS20200	Rv3815c
M7V54_RS20205	Rv3816c
M7V54_RS20210	Rv3817
M7V54_RS20215	Rv3818
M7V54_RS20220	Rv3819
M7V54_RS20225	Rv3820c
M7V54_RS20230	Rv3821
M7V54_RS20235	Rv3822
M7V54_RS20240	Rv3823c
M7V54_RS20245	Rv3824c
M7V54_RS20250	Rv3825c
M7V54_RS20255	Rv3826
M7V54_RS20260	Rv3827c
M7V54_RS20265	Rv3828c
M7V54_RS20270	Rv3829c
M7V54_RS20275	Rv3830c
M7V54_RS20280	Rv3831
M7V54_RS20285	Rv3832c
M7V54_RS20290	Rv3833
M7V54_RS20295	Rv3834c
M7V54_RS20300	Rv3835
M7V54_RS20305	Rv3836
M7V54_RS20315	Rv3837c
M7V54_RS20320	Rv3838c
M7V54_RS20325	Rv3839
M7V54_RS20330	Rv3840
M7V54_RS20335	Rv3841
M7V54_RS20340	Rv3842c
M7V54_RS20345	Rv3843c
M7V54_RS20360	Rv3844
M7V54_RS20365	Rv3845
M7V54_RS20375	Rv3846
M7V54_RS20380	Rv3847
M7V54_RS20385	Rv3848
M7V54_RS20390	Rv3849
M7V54_RS20395	Rv3850
M7V54_RS20400	Rv3851
M7V54_RS20405	Rv3852
M7V54_RS20410	Rv3853
M7V54_RS20415	Rv3854c
M7V54_RS20420	Rv3855
M7V54_RS20425	Rv3856c
M7V54_RS20430	Rv3857c
M7V54_RS20435	Rv3858c
M7V54_RS20440	Rv3859c
M7V54_RS20445	Rv3860
M7V54_RS20450	Rv3861
M7V54_RS20455	Rv3862c
M7V54_RS20460	Rv3863
M7V54_RS20465	Rv3864
M7V54_RS20470	Rv3865
M7V54_RS20475	Rv3866
M7V54_RS20480	Rv3867
M7V54_RS20485	Rv3868
M7V54_RS20490	Rv3869
M7V54_RS20495	Rv3870
M7V54_RS20500	Rv3871
M7V54_RS20505	Rv3872
M7V54_RS20510	Rv3873
M7V54_RS20515	Rv3874
M7V54_RS20520	Rv3875
M7V54_RS20530	Rv3876
M7V54_RS20535	Rv3877
M7V54_RS20540	Rv3878
M7V54_RS20545	Rv3879c
M7V54_RS20550	Rv3880c
M7V54_RS20555	Rv3881c
M7V54_RS20560	Rv3882c
M7V54_RS20565	Rv3883c
M7V54_RS20570	Rv3884c
M7V54_RS20575	Rv3885c
M7V54_RS20580	Rv3886c
M7V54_RS20585	Rv3887c
M7V54_RS20590	Rv3888c
M7V54_RS20595	Rv3889c
M7V54_RS20600	Rv3890c
M7V54_RS20605	Rv3891c
M7V54_RS20610	Rv3892c
M7V54_RS20615	Rv3893c
M7V54_RS20620	Rv3894c
M7V54_RS20625	Rv3895c
M7V54_RS20630	Rv3896c
M7V54_RS20635	Rv3897c
M7V54_RS20640	Rv3898c
M7V54_RS20645	Rv3899c
M7V54_RS20650	Rv3900c
M7V54_RS20655	Rv3901c
M7V54_RS20665	Rv3902c
M7V54_RS20670	Rv3903c
M7V54_RS20675	Rv3904c
M7V54_RS20680	Rv3905c
M7V54_RS20685	Rv3906c
M7V54_RS20690	Rv3907c
M7V54_RS20695	Rv3908
M7V54_RS20700	Rv3909
M7V54_RS20705	Rv3910
M7V54_RS20710	Rv3911
M7V54_RS20715	Rv3912
M7V54_RS20720	Rv3913
M7V54_RS20725	Rv3914
M7V54_RS20730	Rv3915
M7V54_RS20735	Rv3916c
M7V54_RS20740	Rv3917c
M7V54_RS20745	Rv3918c
M7V54_RS20750	Rv3919c
M7V54_RS20755	Rv3920c
M7V54_RS20760	Rv3921c
M7V54_RS20765	Rv3922c
M7V54_RS20770	Rv3923c
M7V54_RS20775	Rv3924c
M7V54_RS20780	Rv0335c
M7V54_RS20790	Rv0425c
M7V54_RS20815	Rv1351
M7V54_RS20890	Rv0335c
M7V54_RS20910	Rv0618
M7V54_RS20915	Rv0618
M7V54_RS20930	Rv0833
M7V54_RS20940	Rv0978c
M7V54_RS20955	Rv1088
M7V54_RS20965	Rv1135c
M7V54_RS21040	Rv2195
M7V54_RS21065	Rv2807
M7V54_RS21105	Rv3639c
M7V54_RS21120	Rv3741c
